,DATE,TB3MS,month
0,1/1/1934,0.72,01/1934
1,2/1/1934,0.62,02/1934
2,3/1/1934,0.24,03/1934
3,4/1/1934,0.15,04/1934
4,5/1/1934,0.16,05/1934
5,6/1/1934,0.15,06/1934
6,7/1/1934,0.15,07/1934
7,8/1/1934,0.19,08/1934
8,9/1/1934,0.21,09/1934
9,10/1/1934,0.27,10/1934
10,11/1/1934,0.25,11/1934
11,12/1/1934,0.23,12/1934
12,1/1/1935,0.2,01/1935
13,2/1/1935,0.19,02/1935
14,3/1/1935,0.15,03/1935
15,4/1/1935,0.15,04/1935
16,5/1/1935,0.15,05/1935
17,6/1/1935,0.15,06/1935
18,7/1/1935,0.15,07/1935
19,8/1/1935,0.16,08/1935
20,9/1/1935,0.2,09/1935
21,10/1/1935,0.2,10/1935
22,11/1/1935,0.16,11/1935
23,12/1/1935,0.15,12/1935
24,1/1/1936,0.2,01/1936
25,2/1/1936,0.2,02/1936
26,3/1/1936,0.2,03/1936
27,4/1/1936,0.2,04/1936
28,5/1/1936,0.2,05/1936
29,6/1/1936,0.2,06/1936
30,7/1/1936,0.15,07/1936
31,8/1/1936,0.2,08/1936
32,9/1/1936,0.16,09/1936
33,10/1/1936,0.13,10/1936
34,11/1/1936,0.11,11/1936
35,12/1/1936,0.12,12/1936
36,1/1/1937,0.17,01/1937
37,2/1/1937,0.15,02/1937
38,3/1/1937,0.38,03/1937
39,4/1/1937,0.56,04/1937
40,5/1/1937,0.41,05/1937
41,6/1/1937,0.36,06/1937
42,7/1/1937,0.28,07/1937
43,8/1/1937,0.29,08/1937
44,9/1/1937,0.31,09/1937
45,10/1/1937,0.2,10/1937
46,11/1/1937,0.09,11/1937
47,12/1/1937,0.11,12/1937
48,1/1/1938,0.1,01/1938
49,2/1/1938,0.08,02/1938
50,3/1/1938,0.08,03/1938
51,4/1/1938,0.09,04/1938
52,5/1/1938,0.05,05/1938
53,6/1/1938,0.05,06/1938
54,7/1/1938,0.07,07/1938
55,8/1/1938,0.06,08/1938
56,9/1/1938,0.08,09/1938
57,10/1/1938,0.05,10/1938
58,11/1/1938,0.04,11/1938
59,12/1/1938,0.03,12/1938
60,1/1/1939,0.03,01/1939
61,2/1/1939,0.03,02/1939
62,3/1/1939,0.03,03/1939
63,4/1/1939,0.03,04/1939
64,5/1/1939,0.03,05/1939
65,6/1/1939,0.03,06/1939
66,7/1/1939,0.04,07/1939
67,8/1/1939,0.05,08/1939
68,9/1/1939,0.14,09/1939
69,10/1/1939,0.05,10/1939
70,11/1/1939,0.05,11/1939
71,12/1/1939,0.04,12/1939
72,1/1/1940,0.01,01/1940
73,2/1/1940,0.02,02/1940
74,3/1/1940,0.02,03/1940
75,4/1/1940,0.02,04/1940
76,5/1/1940,0.06,05/1940
77,6/1/1940,0.1,06/1940
78,7/1/1940,0.05,07/1940
79,8/1/1940,0.04,08/1940
80,9/1/1940,0.05,09/1940
81,10/1/1940,0.02,10/1940
82,11/1/1940,0.02,11/1940
83,12/1/1940,0.02,12/1940
84,1/1/1941,0.02,01/1941
85,2/1/1941,0.04,02/1941
86,3/1/1941,0.11,03/1941
87,4/1/1941,0.1,04/1941
88,5/1/1941,0.11,05/1941
89,6/1/1941,0.12,06/1941
90,7/1/1941,0.12,07/1941
91,8/1/1941,0.13,08/1941
92,9/1/1941,0.1,09/1941
93,10/1/1941,0.09,10/1941
94,11/1/1941,0.28,11/1941
95,12/1/1941,0.33,12/1941
96,1/1/1942,0.27,01/1942
97,2/1/1942,0.25,02/1942
98,3/1/1942,0.25,03/1942
99,4/1/1942,0.32,04/1942
100,5/1/1942,0.37,05/1942
101,6/1/1942,0.37,06/1942
102,7/1/1942,0.38,07/1942
103,8/1/1942,0.38,08/1942
104,9/1/1942,0.38,09/1942
105,10/1/1942,0.38,10/1942
106,11/1/1942,0.38,11/1942
107,12/1/1942,0.38,12/1942
108,1/1/1943,0.38,01/1943
109,2/1/1943,0.38,02/1943
110,3/1/1943,0.38,03/1943
111,4/1/1943,0.38,04/1943
112,5/1/1943,0.38,05/1943
113,6/1/1943,0.38,06/1943
114,7/1/1943,0.38,07/1943
115,8/1/1943,0.38,08/1943
116,9/1/1943,0.38,09/1943
117,10/1/1943,0.38,10/1943
118,11/1/1943,0.38,11/1943
119,12/1/1943,0.38,12/1943
120,1/1/1944,0.38,01/1944
121,2/1/1944,0.38,02/1944
122,3/1/1944,0.38,03/1944
123,4/1/1944,0.38,04/1944
124,5/1/1944,0.38,05/1944
125,6/1/1944,0.38,06/1944
126,7/1/1944,0.38,07/1944
127,8/1/1944,0.38,08/1944
128,9/1/1944,0.38,09/1944
129,10/1/1944,0.38,10/1944
130,11/1/1944,0.38,11/1944
131,12/1/1944,0.38,12/1944
132,1/1/1945,0.38,01/1945
133,2/1/1945,0.38,02/1945
134,3/1/1945,0.38,03/1945
135,4/1/1945,0.38,04/1945
136,5/1/1945,0.38,05/1945
137,6/1/1945,0.38,06/1945
138,7/1/1945,0.38,07/1945
139,8/1/1945,0.38,08/1945
140,9/1/1945,0.38,09/1945
141,10/1/1945,0.38,10/1945
142,11/1/1945,0.38,11/1945
143,12/1/1945,0.38,12/1945
144,1/1/1946,0.38,01/1946
145,2/1/1946,0.38,02/1946
146,3/1/1946,0.38,03/1946
147,4/1/1946,0.38,04/1946
148,5/1/1946,0.38,05/1946
149,6/1/1946,0.38,06/1946
150,7/1/1946,0.38,07/1946
151,8/1/1946,0.38,08/1946
152,9/1/1946,0.38,09/1946
153,10/1/1946,0.38,10/1946
154,11/1/1946,0.38,11/1946
155,12/1/1946,0.38,12/1946
156,1/1/1947,0.38,01/1947
157,2/1/1947,0.38,02/1947
158,3/1/1947,0.38,03/1947
159,4/1/1947,0.38,04/1947
160,5/1/1947,0.38,05/1947
161,6/1/1947,0.38,06/1947
162,7/1/1947,0.66,07/1947
163,8/1/1947,0.75,08/1947
164,9/1/1947,0.8,09/1947
165,10/1/1947,0.85,10/1947
166,11/1/1947,0.92,11/1947
167,12/1/1947,0.95,12/1947
168,1/1/1948,0.97,01/1948
169,2/1/1948,1.0,02/1948
170,3/1/1948,1.0,03/1948
171,4/1/1948,1.0,04/1948
172,5/1/1948,1.0,05/1948
173,6/1/1948,1.0,06/1948
174,7/1/1948,1.0,07/1948
175,8/1/1948,1.06,08/1948
176,9/1/1948,1.09,09/1948
177,10/1/1948,1.12,10/1948
178,11/1/1948,1.14,11/1948
179,12/1/1948,1.16,12/1948
180,1/1/1949,1.17,01/1949
181,2/1/1949,1.17,02/1949
182,3/1/1949,1.17,03/1949
183,4/1/1949,1.17,04/1949
184,5/1/1949,1.17,05/1949
185,6/1/1949,1.17,06/1949
186,7/1/1949,1.02,07/1949
187,8/1/1949,1.04,08/1949
188,9/1/1949,1.07,09/1949
189,10/1/1949,1.05,10/1949
190,11/1/1949,1.08,11/1949
191,12/1/1949,1.1,12/1949
192,1/1/1950,1.07,01/1950
193,2/1/1950,1.12,02/1950
194,3/1/1950,1.12,03/1950
195,4/1/1950,1.15,04/1950
196,5/1/1950,1.16,05/1950
197,6/1/1950,1.15,06/1950
198,7/1/1950,1.16,07/1950
199,8/1/1950,1.2,08/1950
200,9/1/1950,1.3,09/1950
201,10/1/1950,1.31,10/1950
202,11/1/1950,1.36,11/1950
203,12/1/1950,1.34,12/1950
204,1/1/1951,1.34,01/1951
205,2/1/1951,1.36,02/1951
206,3/1/1951,1.4,03/1951
207,4/1/1951,1.47,04/1951
208,5/1/1951,1.55,05/1951
209,6/1/1951,1.45,06/1951
210,7/1/1951,1.56,07/1951
211,8/1/1951,1.62,08/1951
212,9/1/1951,1.63,09/1951
213,10/1/1951,1.54,10/1951
214,11/1/1951,1.56,11/1951
215,12/1/1951,1.73,12/1951
216,1/1/1952,1.57,01/1952
217,2/1/1952,1.54,02/1952
218,3/1/1952,1.59,03/1952
219,4/1/1952,1.57,04/1952
220,5/1/1952,1.67,05/1952
221,6/1/1952,1.7,06/1952
222,7/1/1952,1.81,07/1952
223,8/1/1952,1.83,08/1952
224,9/1/1952,1.71,09/1952
225,10/1/1952,1.74,10/1952
226,11/1/1952,1.85,11/1952
227,12/1/1952,2.09,12/1952
228,1/1/1953,1.96,01/1953
229,2/1/1953,1.97,02/1953
230,3/1/1953,2.01,03/1953
231,4/1/1953,2.19,04/1953
232,5/1/1953,2.16,05/1953
233,6/1/1953,2.11,06/1953
234,7/1/1953,2.04,07/1953
235,8/1/1953,2.04,08/1953
236,9/1/1953,1.79,09/1953
237,10/1/1953,1.38,10/1953
238,11/1/1953,1.44,11/1953
239,12/1/1953,1.6,12/1953
240,1/1/1954,1.18,01/1954
241,2/1/1954,0.97,02/1954
242,3/1/1954,1.03,03/1954
243,4/1/1954,0.97,04/1954
244,5/1/1954,0.76,05/1954
245,6/1/1954,0.64,06/1954
246,7/1/1954,0.72,07/1954
247,8/1/1954,0.92,08/1954
248,9/1/1954,1.01,09/1954
249,10/1/1954,0.98,10/1954
250,11/1/1954,0.93,11/1954
251,12/1/1954,1.15,12/1954
252,1/1/1955,1.22,01/1955
253,2/1/1955,1.17,02/1955
254,3/1/1955,1.28,03/1955
255,4/1/1955,1.59,04/1955
256,5/1/1955,1.45,05/1955
257,6/1/1955,1.41,06/1955
258,7/1/1955,1.6,07/1955
259,8/1/1955,1.9,08/1955
260,9/1/1955,2.07,09/1955
261,10/1/1955,2.23,10/1955
262,11/1/1955,2.24,11/1955
263,12/1/1955,2.54,12/1955
264,1/1/1956,2.41,01/1956
265,2/1/1956,2.32,02/1956
266,3/1/1956,2.25,03/1956
267,4/1/1956,2.6,04/1956
268,5/1/1956,2.61,05/1956
269,6/1/1956,2.49,06/1956
270,7/1/1956,2.31,07/1956
271,8/1/1956,2.6,08/1956
272,9/1/1956,2.84,09/1956
273,10/1/1956,2.9,10/1956
274,11/1/1956,2.99,11/1956
275,12/1/1956,3.21,12/1956
276,1/1/1957,3.11,01/1957
277,2/1/1957,3.1,02/1957
278,3/1/1957,3.08,03/1957
279,4/1/1957,3.07,04/1957
280,5/1/1957,3.06,05/1957
281,6/1/1957,3.29,06/1957
282,7/1/1957,3.16,07/1957
283,8/1/1957,3.37,08/1957
284,9/1/1957,3.53,09/1957
285,10/1/1957,3.58,10/1957
286,11/1/1957,3.31,11/1957
287,12/1/1957,3.04,12/1957
288,1/1/1958,2.44,01/1958
289,2/1/1958,1.53,02/1958
290,3/1/1958,1.3,03/1958
291,4/1/1958,1.13,04/1958
292,5/1/1958,0.91,05/1958
293,6/1/1958,0.83,06/1958
294,7/1/1958,0.91,07/1958
295,8/1/1958,1.69,08/1958
296,9/1/1958,2.44,09/1958
297,10/1/1958,2.63,10/1958
298,11/1/1958,2.67,11/1958
299,12/1/1958,2.77,12/1958
300,1/1/1959,2.82,01/1959
301,2/1/1959,2.7,02/1959
302,3/1/1959,2.8,03/1959
303,4/1/1959,2.95,04/1959
304,5/1/1959,2.84,05/1959
305,6/1/1959,3.21,06/1959
306,7/1/1959,3.2,07/1959
307,8/1/1959,3.38,08/1959
308,9/1/1959,4.04,09/1959
309,10/1/1959,4.05,10/1959
310,11/1/1959,4.15,11/1959
311,12/1/1959,4.49,12/1959
312,1/1/1960,4.35,01/1960
313,2/1/1960,3.96,02/1960
314,3/1/1960,3.31,03/1960
315,4/1/1960,3.23,04/1960
316,5/1/1960,3.29,05/1960
317,6/1/1960,2.46,06/1960
318,7/1/1960,2.3,07/1960
319,8/1/1960,2.3,08/1960
320,9/1/1960,2.48,09/1960
321,10/1/1960,2.3,10/1960
322,11/1/1960,2.37,11/1960
323,12/1/1960,2.25,12/1960
324,1/1/1961,2.24,01/1961
325,2/1/1961,2.42,02/1961
326,3/1/1961,2.39,03/1961
327,4/1/1961,2.29,04/1961
328,5/1/1961,2.29,05/1961
329,6/1/1961,2.33,06/1961
330,7/1/1961,2.24,07/1961
331,8/1/1961,2.39,08/1961
332,9/1/1961,2.28,09/1961
333,10/1/1961,2.3,10/1961
334,11/1/1961,2.48,11/1961
335,12/1/1961,2.6,12/1961
336,1/1/1962,2.72,01/1962
337,2/1/1962,2.73,02/1962
338,3/1/1962,2.72,03/1962
339,4/1/1962,2.73,04/1962
340,5/1/1962,2.69,05/1962
341,6/1/1962,2.73,06/1962
342,7/1/1962,2.92,07/1962
343,8/1/1962,2.82,08/1962
344,9/1/1962,2.78,09/1962
345,10/1/1962,2.74,10/1962
346,11/1/1962,2.83,11/1962
347,12/1/1962,2.87,12/1962
348,1/1/1963,2.91,01/1963
349,2/1/1963,2.92,02/1963
350,3/1/1963,2.89,03/1963
351,4/1/1963,2.9,04/1963
352,5/1/1963,2.93,05/1963
353,6/1/1963,2.99,06/1963
354,7/1/1963,3.18,07/1963
355,8/1/1963,3.32,08/1963
356,9/1/1963,3.38,09/1963
357,10/1/1963,3.45,10/1963
358,11/1/1963,3.52,11/1963
359,12/1/1963,3.52,12/1963
360,1/1/1964,3.52,01/1964
361,2/1/1964,3.53,02/1964
362,3/1/1964,3.54,03/1964
363,4/1/1964,3.47,04/1964
364,5/1/1964,3.48,05/1964
365,6/1/1964,3.48,06/1964
366,7/1/1964,3.46,07/1964
367,8/1/1964,3.5,08/1964
368,9/1/1964,3.53,09/1964
369,10/1/1964,3.57,10/1964
370,11/1/1964,3.64,11/1964
371,12/1/1964,3.84,12/1964
372,1/1/1965,3.81,01/1965
373,2/1/1965,3.93,02/1965
374,3/1/1965,3.93,03/1965
375,4/1/1965,3.93,04/1965
376,5/1/1965,3.89,05/1965
377,6/1/1965,3.8,06/1965
378,7/1/1965,3.84,07/1965
379,8/1/1965,3.84,08/1965
380,9/1/1965,3.92,09/1965
381,10/1/1965,4.03,10/1965
382,11/1/1965,4.09,11/1965
383,12/1/1965,4.38,12/1965
384,1/1/1966,4.59,01/1966
385,2/1/1966,4.65,02/1966
386,3/1/1966,4.59,03/1966
387,4/1/1966,4.62,04/1966
388,5/1/1966,4.64,05/1966
389,6/1/1966,4.5,06/1966
390,7/1/1966,4.8,07/1966
391,8/1/1966,4.96,08/1966
392,9/1/1966,5.37,09/1966
393,10/1/1966,5.35,10/1966
394,11/1/1966,5.32,11/1966
395,12/1/1966,4.96,12/1966
396,1/1/1967,4.72,01/1967
397,2/1/1967,4.56,02/1967
398,3/1/1967,4.26,03/1967
399,4/1/1967,3.84,04/1967
400,5/1/1967,3.6,05/1967
401,6/1/1967,3.54,06/1967
402,7/1/1967,4.21,07/1967
403,8/1/1967,4.27,08/1967
404,9/1/1967,4.42,09/1967
405,10/1/1967,4.56,10/1967
406,11/1/1967,4.73,11/1967
407,12/1/1967,4.97,12/1967
408,1/1/1968,5.0,01/1968
409,2/1/1968,4.98,02/1968
410,3/1/1968,5.17,03/1968
411,4/1/1968,5.38,04/1968
412,5/1/1968,5.66,05/1968
413,6/1/1968,5.52,06/1968
414,7/1/1968,5.31,07/1968
415,8/1/1968,5.09,08/1968
416,9/1/1968,5.19,09/1968
417,10/1/1968,5.35,10/1968
418,11/1/1968,5.45,11/1968
419,12/1/1968,5.96,12/1968
420,1/1/1969,6.14,01/1969
421,2/1/1969,6.12,02/1969
422,3/1/1969,6.02,03/1969
423,4/1/1969,6.11,04/1969
424,5/1/1969,6.04,05/1969
425,6/1/1969,6.44,06/1969
426,7/1/1969,7.0,07/1969
427,8/1/1969,6.98,08/1969
428,9/1/1969,7.09,09/1969
429,10/1/1969,7.0,10/1969
430,11/1/1969,7.24,11/1969
431,12/1/1969,7.82,12/1969
432,1/1/1970,7.87,01/1970
433,2/1/1970,7.13,02/1970
434,3/1/1970,6.63,03/1970
435,4/1/1970,6.51,04/1970
436,5/1/1970,6.84,05/1970
437,6/1/1970,6.68,06/1970
438,7/1/1970,6.45,07/1970
439,8/1/1970,6.41,08/1970
440,9/1/1970,6.12,09/1970
441,10/1/1970,5.91,10/1970
442,11/1/1970,5.28,11/1970
443,12/1/1970,4.87,12/1970
444,1/1/1971,4.44,01/1971
445,2/1/1971,3.7,02/1971
446,3/1/1971,3.38,03/1971
447,4/1/1971,3.86,04/1971
448,5/1/1971,4.14,05/1971
449,6/1/1971,4.75,06/1971
450,7/1/1971,5.4,07/1971
451,8/1/1971,4.94,08/1971
452,9/1/1971,4.69,09/1971
453,10/1/1971,4.46,10/1971
454,11/1/1971,4.22,11/1971
455,12/1/1971,4.01,12/1971
456,1/1/1972,3.38,01/1972
457,2/1/1972,3.2,02/1972
458,3/1/1972,3.73,03/1972
459,4/1/1972,3.71,04/1972
460,5/1/1972,3.69,05/1972
461,6/1/1972,3.91,06/1972
462,7/1/1972,3.98,07/1972
463,8/1/1972,4.02,08/1972
464,9/1/1972,4.66,09/1972
465,10/1/1972,4.74,10/1972
466,11/1/1972,4.78,11/1972
467,12/1/1972,5.07,12/1972
468,1/1/1973,5.41,01/1973
469,2/1/1973,5.6,02/1973
470,3/1/1973,6.09,03/1973
471,4/1/1973,6.26,04/1973
472,5/1/1973,6.36,05/1973
473,6/1/1973,7.19,06/1973
474,7/1/1973,8.01,07/1973
475,8/1/1973,8.67,08/1973
476,9/1/1973,8.29,09/1973
477,10/1/1973,7.22,10/1973
478,11/1/1973,7.83,11/1973
479,12/1/1973,7.45,12/1973
480,1/1/1974,7.77,01/1974
481,2/1/1974,7.12,02/1974
482,3/1/1974,7.96,03/1974
483,4/1/1974,8.33,04/1974
484,5/1/1974,8.23,05/1974
485,6/1/1974,7.9,06/1974
486,7/1/1974,7.55,07/1974
487,8/1/1974,8.96,08/1974
488,9/1/1974,8.06,09/1974
489,10/1/1974,7.46,10/1974
490,11/1/1974,7.47,11/1974
491,12/1/1974,7.15,12/1974
492,1/1/1975,6.26,01/1975
493,2/1/1975,5.5,02/1975
494,3/1/1975,5.49,03/1975
495,4/1/1975,5.61,04/1975
496,5/1/1975,5.23,05/1975
497,6/1/1975,5.34,06/1975
498,7/1/1975,6.13,07/1975
499,8/1/1975,6.44,08/1975
500,9/1/1975,6.42,09/1975
501,10/1/1975,5.96,10/1975
502,11/1/1975,5.48,11/1975
503,12/1/1975,5.44,12/1975
504,1/1/1976,4.87,01/1976
505,2/1/1976,4.88,02/1976
506,3/1/1976,5.0,03/1976
507,4/1/1976,4.86,04/1976
508,5/1/1976,5.2,05/1976
509,6/1/1976,5.41,06/1976
510,7/1/1976,5.23,07/1976
511,8/1/1976,5.14,08/1976
512,9/1/1976,5.08,09/1976
513,10/1/1976,4.92,10/1976
514,11/1/1976,4.75,11/1976
515,12/1/1976,4.35,12/1976
516,1/1/1977,4.62,01/1977
517,2/1/1977,4.67,02/1977
518,3/1/1977,4.6,03/1977
519,4/1/1977,4.54,04/1977
520,5/1/1977,4.96,05/1977
521,6/1/1977,5.02,06/1977
522,7/1/1977,5.19,07/1977
523,8/1/1977,5.49,08/1977
524,9/1/1977,5.81,09/1977
525,10/1/1977,6.16,10/1977
526,11/1/1977,6.1,11/1977
527,12/1/1977,6.07,12/1977
528,1/1/1978,6.44,01/1978
529,2/1/1978,6.45,02/1978
530,3/1/1978,6.29,03/1978
531,4/1/1978,6.29,04/1978
532,5/1/1978,6.41,05/1978
533,6/1/1978,6.73,06/1978
534,7/1/1978,7.01,07/1978
535,8/1/1978,7.08,08/1978
536,9/1/1978,7.85,09/1978
537,10/1/1978,7.99,10/1978
538,11/1/1978,8.64,11/1978
539,12/1/1978,9.08,12/1978
540,1/1/1979,9.35,01/1979
541,2/1/1979,9.32,02/1979
542,3/1/1979,9.48,03/1979
543,4/1/1979,9.46,04/1979
544,5/1/1979,9.61,05/1979
545,6/1/1979,9.06,06/1979
546,7/1/1979,9.24,07/1979
547,8/1/1979,9.52,08/1979
548,9/1/1979,10.26,09/1979
549,10/1/1979,11.7,10/1979
550,11/1/1979,11.79,11/1979
551,12/1/1979,12.04,12/1979
552,1/1/1980,12.0,01/1980
553,2/1/1980,12.86,02/1980
554,3/1/1980,15.2,03/1980
555,4/1/1980,13.2,04/1980
556,5/1/1980,8.58,05/1980
557,6/1/1980,7.07,06/1980
558,7/1/1980,8.06,07/1980
559,8/1/1980,9.13,08/1980
560,9/1/1980,10.27,09/1980
561,10/1/1980,11.62,10/1980
562,11/1/1980,13.73,11/1980
563,12/1/1980,15.49,12/1980
564,1/1/1981,15.02,01/1981
565,2/1/1981,14.79,02/1981
566,3/1/1981,13.36,03/1981
567,4/1/1981,13.69,04/1981
568,5/1/1981,16.3,05/1981
569,6/1/1981,14.73,06/1981
570,7/1/1981,14.95,07/1981
571,8/1/1981,15.51,08/1981
572,9/1/1981,14.7,09/1981
573,10/1/1981,13.54,10/1981
574,11/1/1981,10.86,11/1981
575,12/1/1981,10.85,12/1981
576,1/1/1982,12.28,01/1982
577,2/1/1982,13.48,02/1982
578,3/1/1982,12.68,03/1982
579,4/1/1982,12.7,04/1982
580,5/1/1982,12.09,05/1982
581,6/1/1982,12.47,06/1982
582,7/1/1982,11.35,07/1982
583,8/1/1982,8.68,08/1982
584,9/1/1982,7.92,09/1982
585,10/1/1982,7.71,10/1982
586,11/1/1982,8.07,11/1982
587,12/1/1982,7.94,12/1982
588,1/1/1983,7.86,01/1983
589,2/1/1983,8.11,02/1983
590,3/1/1983,8.35,03/1983
591,4/1/1983,8.21,04/1983
592,5/1/1983,8.19,05/1983
593,6/1/1983,8.79,06/1983
594,7/1/1983,9.08,07/1983
595,8/1/1983,9.34,08/1983
596,9/1/1983,9.0,09/1983
597,10/1/1983,8.64,10/1983
598,11/1/1983,8.76,11/1983
599,12/1/1983,9.0,12/1983
600,1/1/1984,8.9,01/1984
601,2/1/1984,9.09,02/1984
602,3/1/1984,9.52,03/1984
603,4/1/1984,9.69,04/1984
604,5/1/1984,9.83,05/1984
605,6/1/1984,9.87,06/1984
606,7/1/1984,10.12,07/1984
607,8/1/1984,10.47,08/1984
608,9/1/1984,10.37,09/1984
609,10/1/1984,9.74,10/1984
610,11/1/1984,8.61,11/1984
611,12/1/1984,8.06,12/1984
612,1/1/1985,7.76,01/1985
613,2/1/1985,8.27,02/1985
614,3/1/1985,8.52,03/1985
615,4/1/1985,7.95,04/1985
616,5/1/1985,7.48,05/1985
617,6/1/1985,6.95,06/1985
618,7/1/1985,7.08,07/1985
619,8/1/1985,7.14,08/1985
620,9/1/1985,7.1,09/1985
621,10/1/1985,7.16,10/1985
622,11/1/1985,7.24,11/1985
623,12/1/1985,7.1,12/1985
624,1/1/1986,7.07,01/1986
625,2/1/1986,7.06,02/1986
626,3/1/1986,6.56,03/1986
627,4/1/1986,6.06,04/1986
628,5/1/1986,6.15,05/1986
629,6/1/1986,6.21,06/1986
630,7/1/1986,5.83,07/1986
631,8/1/1986,5.53,08/1986
632,9/1/1986,5.21,09/1986
633,10/1/1986,5.18,10/1986
634,11/1/1986,5.35,11/1986
635,12/1/1986,5.53,12/1986
636,1/1/1987,5.43,01/1987
637,2/1/1987,5.59,02/1987
638,3/1/1987,5.59,03/1987
639,4/1/1987,5.64,04/1987
640,5/1/1987,5.66,05/1987
641,6/1/1987,5.67,06/1987
642,7/1/1987,5.69,07/1987
643,8/1/1987,6.04,08/1987
644,9/1/1987,6.4,09/1987
645,10/1/1987,6.13,10/1987
646,11/1/1987,5.69,11/1987
647,12/1/1987,5.77,12/1987
648,1/1/1988,5.81,01/1988
649,2/1/1988,5.66,02/1988
650,3/1/1988,5.7,03/1988
651,4/1/1988,5.91,04/1988
652,5/1/1988,6.26,05/1988
653,6/1/1988,6.46,06/1988
654,7/1/1988,6.73,07/1988
655,8/1/1988,7.06,08/1988
656,9/1/1988,7.24,09/1988
657,10/1/1988,7.35,10/1988
658,11/1/1988,7.76,11/1988
659,12/1/1988,8.07,12/1988
660,1/1/1989,8.27,01/1989
661,2/1/1989,8.53,02/1989
662,3/1/1989,8.82,03/1989
663,4/1/1989,8.65,04/1989
664,5/1/1989,8.43,05/1989
665,6/1/1989,8.15,06/1989
666,7/1/1989,7.88,07/1989
667,8/1/1989,7.9,08/1989
668,9/1/1989,7.75,09/1989
669,10/1/1989,7.64,10/1989
670,11/1/1989,7.69,11/1989
671,12/1/1989,7.63,12/1989
672,1/1/1990,7.64,01/1990
673,2/1/1990,7.74,02/1990
674,3/1/1990,7.9,03/1990
675,4/1/1990,7.77,04/1990
676,5/1/1990,7.74,05/1990
677,6/1/1990,7.73,06/1990
678,7/1/1990,7.62,07/1990
679,8/1/1990,7.45,08/1990
680,9/1/1990,7.36,09/1990
681,10/1/1990,7.17,10/1990
682,11/1/1990,7.06,11/1990
683,12/1/1990,6.74,12/1990
684,1/1/1991,6.22,01/1991
685,2/1/1991,5.94,02/1991
686,3/1/1991,5.91,03/1991
687,4/1/1991,5.65,04/1991
688,5/1/1991,5.46,05/1991
689,6/1/1991,5.57,06/1991
690,7/1/1991,5.58,07/1991
691,8/1/1991,5.33,08/1991
692,9/1/1991,5.22,09/1991
693,10/1/1991,4.99,10/1991
694,11/1/1991,4.56,11/1991
695,12/1/1991,4.07,12/1991
696,1/1/1992,3.8,01/1992
697,2/1/1992,3.84,02/1992
698,3/1/1992,4.04,03/1992
699,4/1/1992,3.75,04/1992
700,5/1/1992,3.63,05/1992
701,6/1/1992,3.66,06/1992
702,7/1/1992,3.21,07/1992
703,8/1/1992,3.13,08/1992
704,9/1/1992,2.91,09/1992
705,10/1/1992,2.86,10/1992
706,11/1/1992,3.13,11/1992
707,12/1/1992,3.22,12/1992
708,1/1/1993,3.0,01/1993
709,2/1/1993,2.93,02/1993
710,3/1/1993,2.95,03/1993
711,4/1/1993,2.87,04/1993
712,5/1/1993,2.96,05/1993
713,6/1/1993,3.07,06/1993
714,7/1/1993,3.04,07/1993
715,8/1/1993,3.02,08/1993
716,9/1/1993,2.95,09/1993
717,10/1/1993,3.02,10/1993
718,11/1/1993,3.1,11/1993
719,12/1/1993,3.06,12/1993
720,1/1/1994,2.98,01/1994
721,2/1/1994,3.25,02/1994
722,3/1/1994,3.5,03/1994
723,4/1/1994,3.68,04/1994
724,5/1/1994,4.14,05/1994
725,6/1/1994,4.14,06/1994
726,7/1/1994,4.33,07/1994
727,8/1/1994,4.48,08/1994
728,9/1/1994,4.62,09/1994
729,10/1/1994,4.95,10/1994
730,11/1/1994,5.29,11/1994
731,12/1/1994,5.6,12/1994
732,1/1/1995,5.71,01/1995
733,2/1/1995,5.77,02/1995
734,3/1/1995,5.73,03/1995
735,4/1/1995,5.65,04/1995
736,5/1/1995,5.67,05/1995
737,6/1/1995,5.47,06/1995
738,7/1/1995,5.42,07/1995
739,8/1/1995,5.4,08/1995
740,9/1/1995,5.28,09/1995
741,10/1/1995,5.28,10/1995
742,11/1/1995,5.36,11/1995
743,12/1/1995,5.14,12/1995
744,1/1/1996,5.0,01/1996
745,2/1/1996,4.83,02/1996
746,3/1/1996,4.96,03/1996
747,4/1/1996,4.95,04/1996
748,5/1/1996,5.02,05/1996
749,6/1/1996,5.09,06/1996
750,7/1/1996,5.15,07/1996
751,8/1/1996,5.05,08/1996
752,9/1/1996,5.09,09/1996
753,10/1/1996,4.99,10/1996
754,11/1/1996,5.03,11/1996
755,12/1/1996,4.91,12/1996
756,1/1/1997,5.03,01/1997
757,2/1/1997,5.01,02/1997
758,3/1/1997,5.14,03/1997
759,4/1/1997,5.16,04/1997
760,5/1/1997,5.05,05/1997
761,6/1/1997,4.93,06/1997
762,7/1/1997,5.05,07/1997
763,8/1/1997,5.14,08/1997
764,9/1/1997,4.95,09/1997
765,10/1/1997,4.97,10/1997
766,11/1/1997,5.14,11/1997
767,12/1/1997,5.16,12/1997
768,1/1/1998,5.04,01/1998
769,2/1/1998,5.09,02/1998
770,3/1/1998,5.03,03/1998
771,4/1/1998,4.95,04/1998
772,5/1/1998,5.0,05/1998
773,6/1/1998,4.98,06/1998
774,7/1/1998,4.96,07/1998
775,8/1/1998,4.9,08/1998
776,9/1/1998,4.61,09/1998
777,10/1/1998,3.96,10/1998
778,11/1/1998,4.41,11/1998
779,12/1/1998,4.39,12/1998
780,1/1/1999,4.34,01/1999
781,2/1/1999,4.44,02/1999
782,3/1/1999,4.44,03/1999
783,4/1/1999,4.29,04/1999
784,5/1/1999,4.5,05/1999
785,6/1/1999,4.57,06/1999
786,7/1/1999,4.55,07/1999
787,8/1/1999,4.72,08/1999
788,9/1/1999,4.68,09/1999
789,10/1/1999,4.86,10/1999
790,11/1/1999,5.07,11/1999
791,12/1/1999,5.2,12/1999
792,1/1/2000,5.32,01/2000
793,2/1/2000,5.55,02/2000
794,3/1/2000,5.69,03/2000
795,4/1/2000,5.66,04/2000
796,5/1/2000,5.79,05/2000
797,6/1/2000,5.69,06/2000
798,7/1/2000,5.96,07/2000
799,8/1/2000,6.09,08/2000
800,9/1/2000,6.0,09/2000
801,10/1/2000,6.11,10/2000
802,11/1/2000,6.17,11/2000
803,12/1/2000,5.77,12/2000
804,1/1/2001,5.15,01/2001
805,2/1/2001,4.88,02/2001
806,3/1/2001,4.42,03/2001
807,4/1/2001,3.87,04/2001
808,5/1/2001,3.62,05/2001
809,6/1/2001,3.49,06/2001
810,7/1/2001,3.51,07/2001
811,8/1/2001,3.36,08/2001
812,9/1/2001,2.64,09/2001
813,10/1/2001,2.16,10/2001
814,11/1/2001,1.87,11/2001
815,12/1/2001,1.69,12/2001
816,1/1/2002,1.65,01/2002
817,2/1/2002,1.72,02/2002
818,3/1/2002,1.79,03/2002
819,4/1/2002,1.71,04/2002
820,5/1/2002,1.73,05/2002
821,6/1/2002,1.7,06/2002
822,7/1/2002,1.68,07/2002
823,8/1/2002,1.62,08/2002
824,9/1/2002,1.63,09/2002
825,10/1/2002,1.58,10/2002
826,11/1/2002,1.23,11/2002
827,12/1/2002,1.19,12/2002
828,1/1/2003,1.17,01/2003
829,2/1/2003,1.17,02/2003
830,3/1/2003,1.13,03/2003
831,4/1/2003,1.13,04/2003
832,5/1/2003,1.07,05/2003
833,6/1/2003,0.92,06/2003
834,7/1/2003,0.9,07/2003
835,8/1/2003,0.95,08/2003
836,9/1/2003,0.94,09/2003
837,10/1/2003,0.92,10/2003
838,11/1/2003,0.93,11/2003
839,12/1/2003,0.9,12/2003
840,1/1/2004,0.88,01/2004
841,2/1/2004,0.93,02/2004
842,3/1/2004,0.94,03/2004
843,4/1/2004,0.94,04/2004
844,5/1/2004,1.02,05/2004
845,6/1/2004,1.27,06/2004
846,7/1/2004,1.33,07/2004
847,8/1/2004,1.48,08/2004
848,9/1/2004,1.65,09/2004
849,10/1/2004,1.76,10/2004
850,11/1/2004,2.07,11/2004
851,12/1/2004,2.19,12/2004
852,1/1/2005,2.33,01/2005
853,2/1/2005,2.54,02/2005
854,3/1/2005,2.74,03/2005
855,4/1/2005,2.78,04/2005
856,5/1/2005,2.84,05/2005
857,6/1/2005,2.97,06/2005
858,7/1/2005,3.22,07/2005
859,8/1/2005,3.44,08/2005
860,9/1/2005,3.42,09/2005
861,10/1/2005,3.71,10/2005
862,11/1/2005,3.88,11/2005
863,12/1/2005,3.89,12/2005
864,1/1/2006,4.24,01/2006
865,2/1/2006,4.43,02/2006
866,3/1/2006,4.51,03/2006
867,4/1/2006,4.6,04/2006
868,5/1/2006,4.72,05/2006
869,6/1/2006,4.79,06/2006
870,7/1/2006,4.95,07/2006
871,8/1/2006,4.96,08/2006
872,9/1/2006,4.81,09/2006
873,10/1/2006,4.92,10/2006
874,11/1/2006,4.94,11/2006
875,12/1/2006,4.85,12/2006
876,1/1/2007,4.98,01/2007
877,2/1/2007,5.03,02/2007
878,3/1/2007,4.94,03/2007
879,4/1/2007,4.87,04/2007
880,5/1/2007,4.73,05/2007
881,6/1/2007,4.61,06/2007
882,7/1/2007,4.82,07/2007
883,8/1/2007,4.2,08/2007
884,9/1/2007,3.89,09/2007
885,10/1/2007,3.9,10/2007
886,11/1/2007,3.27,11/2007
887,12/1/2007,3.0,12/2007
888,1/1/2008,2.75,01/2008
889,2/1/2008,2.12,02/2008
890,3/1/2008,1.26,03/2008
891,4/1/2008,1.29,04/2008
892,5/1/2008,1.73,05/2008
893,6/1/2008,1.86,06/2008
894,7/1/2008,1.63,07/2008
895,8/1/2008,1.72,08/2008
896,9/1/2008,1.13,09/2008
897,10/1/2008,0.67,10/2008
898,11/1/2008,0.19,11/2008
899,12/1/2008,0.03,12/2008
900,1/1/2009,0.13,01/2009
901,2/1/2009,0.3,02/2009
902,3/1/2009,0.21,03/2009
903,4/1/2009,0.16,04/2009
904,5/1/2009,0.18,05/2009
905,6/1/2009,0.18,06/2009
906,7/1/2009,0.18,07/2009
907,8/1/2009,0.17,08/2009
908,9/1/2009,0.12,09/2009
909,10/1/2009,0.07,10/2009
910,11/1/2009,0.05,11/2009
911,12/1/2009,0.05,12/2009
912,1/1/2010,0.06,01/2010
913,2/1/2010,0.11,02/2010
914,3/1/2010,0.15,03/2010
915,4/1/2010,0.16,04/2010
916,5/1/2010,0.16,05/2010
917,6/1/2010,0.12,06/2010
918,7/1/2010,0.16,07/2010
919,8/1/2010,0.16,08/2010
920,9/1/2010,0.15,09/2010
921,10/1/2010,0.13,10/2010
922,11/1/2010,0.14,11/2010
923,12/1/2010,0.14,12/2010
924,1/1/2011,0.15,01/2011
925,2/1/2011,0.13,02/2011
926,3/1/2011,0.1,03/2011
927,4/1/2011,0.06,04/2011
928,5/1/2011,0.04,05/2011
929,6/1/2011,0.04,06/2011
930,7/1/2011,0.04,07/2011
931,8/1/2011,0.02,08/2011
932,9/1/2011,0.01,09/2011
933,10/1/2011,0.02,10/2011
934,11/1/2011,0.01,11/2011
935,12/1/2011,0.01,12/2011
936,1/1/2012,0.03,01/2012
937,2/1/2012,0.09,02/2012
938,3/1/2012,0.08,03/2012
939,4/1/2012,0.08,04/2012
940,5/1/2012,0.09,05/2012
941,6/1/2012,0.09,06/2012
942,7/1/2012,0.1,07/2012
943,8/1/2012,0.1,08/2012
944,9/1/2012,0.11,09/2012
945,10/1/2012,0.1,10/2012
946,11/1/2012,0.09,11/2012
947,12/1/2012,0.07,12/2012
948,1/1/2013,0.07,01/2013
949,2/1/2013,0.1,02/2013
950,3/1/2013,0.09,03/2013
951,4/1/2013,0.06,04/2013
952,5/1/2013,0.04,05/2013
953,6/1/2013,0.05,06/2013
954,7/1/2013,0.04,07/2013
955,8/1/2013,0.04,08/2013
956,9/1/2013,0.02,09/2013
957,10/1/2013,0.05,10/2013
958,11/1/2013,0.07,11/2013
959,12/1/2013,0.07,12/2013
960,1/1/2014,0.04,01/2014
961,2/1/2014,0.05,02/2014
962,3/1/2014,0.05,03/2014
963,4/1/2014,0.03,04/2014
964,5/1/2014,0.03,05/2014
965,6/1/2014,0.04,06/2014
966,7/1/2014,0.03,07/2014
967,8/1/2014,0.03,08/2014
968,9/1/2014,0.02,09/2014
969,10/1/2014,0.02,10/2014
970,11/1/2014,0.02,11/2014
971,12/1/2014,0.03,12/2014
972,1/1/2015,0.03,01/2015
973,2/1/2015,0.02,02/2015
974,3/1/2015,0.03,03/2015
975,4/1/2015,0.02,04/2015
976,5/1/2015,0.02,05/2015
977,6/1/2015,0.02,06/2015
978,7/1/2015,0.03,07/2015
979,8/1/2015,0.07,08/2015
980,9/1/2015,0.02,09/2015
981,10/1/2015,0.02,10/2015
982,11/1/2015,0.12,11/2015
983,12/1/2015,0.23,12/2015
984,1/1/2016,0.26,01/2016
985,2/1/2016,0.31,02/2016
986,3/1/2016,0.29,03/2016
987,4/1/2016,0.23,04/2016
988,5/1/2016,0.27,05/2016
989,6/1/2016,0.27,06/2016
990,7/1/2016,0.3,07/2016
991,8/1/2016,0.3,08/2016
992,9/1/2016,0.29,09/2016
993,10/1/2016,0.33,10/2016
994,11/1/2016,0.45,11/2016
995,12/1/2016,0.51,12/2016
996,1/1/2017,0.51,01/2017
997,2/1/2017,0.52,02/2017
998,3/1/2017,0.74,03/2017
999,4/1/2017,0.8,04/2017
1000,5/1/2017,0.89,05/2017
1001,6/1/2017,0.98,06/2017
1002,7/1/2017,1.07,07/2017
1003,8/1/2017,1.01,08/2017
1004,9/1/2017,1.03,09/2017
1005,10/1/2017,1.07,10/2017
1006,11/1/2017,1.23,11/2017
1007,12/1/2017,1.32,12/2017
1008,1/1/2018,1.41,01/2018
1009,2/1/2018,1.57,02/2018
1010,3/1/2018,1.7,03/2018
1011,4/1/2018,1.76,04/2018
1012,5/1/2018,1.86,05/2018
1013,6/1/2018,1.9,06/2018
1014,7/1/2018,1.96,07/2018
1015,8/1/2018,2.03,08/2018
1016,9/1/2018,2.13,09/2018
1017,10/1/2018,2.25,10/2018
1018,11/1/2018,2.33,11/2018
1019,12/1/2018,2.37,12/2018
1020,1/1/2019,2.37,01/2019
1021,2/1/2019,2.39,02/2019
1022,3/1/2019,2.4,03/2019
1023,4/1/2019,2.38,04/2019
1024,5/1/2019,2.35,05/2019
1025,6/1/2019,2.17,06/2019
1026,7/1/2019,2.1,07/2019
1027,8/1/2019,1.95,08/2019
1028,9/1/2019,1.89,09/2019
1029,10/1/2019,1.65,10/2019
1030,11/1/2019,1.54,11/2019
1031,12/1/2019,1.54,12/2019
1032,1/1/2020,1.52,01/2020
1033,2/1/2020,1.52,02/2020
1034,3/1/2020,0.29,03/2020
1035,4/1/2020,0.14,04/2020
1036,5/1/2020,0.13,05/2020
1037,6/1/2020,0.16,06/2020
1038,7/1/2020,0.13,07/2020
1039,8/1/2020,0.1,08/2020
1040,9/1/2020,0.11,09/2020
1041,10/1/2020,0.1,10/2020
1042,11/1/2020,0.09,11/2020
1043,12/1/2020,0.09,12/2020
1044,1/1/2021,0.08,01/2021
1045,2/1/2021,0.04,02/2021
1046,3/1/2021,0.03,03/2021
1047,4/1/2021,0.02,04/2021
1048,5/1/2021,0.02,05/2021
1049,6/1/2021,0.04,06/2021
1050,7/1/2021,0.05,07/2021
1051,8/1/2021,0.05,08/2021
1052,9/1/2021,0.04,09/2021
1053,10/1/2021,0.05,10/2021
1054,11/1/2021,0.05,11/2021
1055,12/1/2021,0.06,12/2021
1056,1/1/2022,0.15,01/2022
1057,2/1/2022,0.33,02/2022
1058,3/1/2022,0.44,03/2022
1059,4/1/2022,0.76,04/2022
1060,5/1/2022,0.98,05/2022
1061,6/1/2022,1.49,06/2022
1062,7/1/2022,2.23,07/2022
1063,8/1/2022,2.63,08/2022
1064,9/1/2022,3.13,09/2022
1065,10/1/2022,3.72,10/2022
1066,11/1/2022,4.15,11/2022
1067,12/1/2022,4.25,12/2022
1068,1/1/2023,4.54,01/2023
1069,2/1/2023,4.65,02/2023
1070,3/1/2023,4.69,03/2023
1071,4/1/2023,4.92,04/2023
1072,5/1/2023,5.14,05/2023
1073,6/1/2023,5.16,06/2023
1074,7/1/2023,5.25,07/2023
1075,8/1/2023,5.3,08/2023
1076,9/1/2023,5.32,09/2023
