,DATE,SP500,month,number
0,10/29/2018,2641.25,2018-10-29,2641.25
1,10/30/2018,2682.63,2018-10-30,2682.63
2,10/31/2018,2711.74,2018-10-31,2711.74
3,11/1/2018,2740.37,2018-11-01,2740.37
4,11/2/2018,2723.06,2018-11-02,2723.06
5,11/5/2018,2738.31,2018-11-05,2738.31
6,11/6/2018,2755.45,2018-11-06,2755.45
7,11/7/2018,2813.89,2018-11-07,2813.89
8,11/8/2018,2806.83,2018-11-08,2806.83
9,11/9/2018,2781.01,2018-11-09,2781.01
10,11/12/2018,2726.22,2018-11-12,2726.22
11,11/13/2018,2722.18,2018-11-13,2722.18
12,11/14/2018,2701.58,2018-11-14,2701.58
13,11/15/2018,2730.2,2018-11-15,2730.2
14,11/16/2018,2736.27,2018-11-16,2736.27
15,11/19/2018,2690.73,2018-11-19,2690.73
16,11/20/2018,2641.89,2018-11-20,2641.89
17,11/21/2018,2649.93,2018-11-21,2649.93
18,11/22/2018,,2018-11-22,
19,11/23/2018,2632.56,2018-11-23,2632.56
20,11/26/2018,2673.45,2018-11-26,2673.45
21,11/27/2018,2682.17,2018-11-27,2682.17
22,11/28/2018,2743.79,2018-11-28,2743.79
23,11/29/2018,2737.76,2018-11-29,2737.76
24,11/30/2018,2760.17,2018-11-30,2760.17
25,12/3/2018,2790.37,2018-12-03,2790.37
26,12/4/2018,2700.06,2018-12-04,2700.06
27,12/5/2018,,2018-12-05,
28,12/6/2018,2695.95,2018-12-06,2695.95
29,12/7/2018,2633.08,2018-12-07,2633.08
30,12/10/2018,2637.72,2018-12-10,2637.72
31,12/11/2018,2636.78,2018-12-11,2636.78
32,12/12/2018,2651.07,2018-12-12,2651.07
33,12/13/2018,2650.54,2018-12-13,2650.54
34,12/14/2018,2599.95,2018-12-14,2599.95
35,12/17/2018,2545.94,2018-12-17,2545.94
36,12/18/2018,2546.16,2018-12-18,2546.16
37,12/19/2018,2506.96,2018-12-19,2506.96
38,12/20/2018,2467.42,2018-12-20,2467.42
39,12/21/2018,2416.62,2018-12-21,2416.62
40,12/24/2018,2351.1,2018-12-24,2351.1
41,12/25/2018,,2018-12-25,
42,12/26/2018,2467.7,2018-12-26,2467.7
43,12/27/2018,2488.83,2018-12-27,2488.83
44,12/28/2018,2485.74,2018-12-28,2485.74
45,12/31/2018,2506.85,2018-12-31,2506.85
46,1/1/2019,,2019-01-01,
47,1/2/2019,2510.03,2019-01-02,2510.03
48,1/3/2019,2447.89,2019-01-03,2447.89
49,1/4/2019,2531.94,2019-01-04,2531.94
50,1/7/2019,2549.69,2019-01-07,2549.69
51,1/8/2019,2574.41,2019-01-08,2574.41
52,1/9/2019,2584.96,2019-01-09,2584.96
53,1/10/2019,2596.64,2019-01-10,2596.64
54,1/11/2019,2596.26,2019-01-11,2596.26
55,1/14/2019,2582.61,2019-01-14,2582.61
56,1/15/2019,2610.3,2019-01-15,2610.3
57,1/16/2019,2616.1,2019-01-16,2616.1
58,1/17/2019,2635.96,2019-01-17,2635.96
59,1/18/2019,2670.71,2019-01-18,2670.71
60,1/21/2019,,2019-01-21,
61,1/22/2019,2632.9,2019-01-22,2632.9
62,1/23/2019,2638.7,2019-01-23,2638.7
63,1/24/2019,2642.33,2019-01-24,2642.33
64,1/25/2019,2664.76,2019-01-25,2664.76
65,1/28/2019,2643.85,2019-01-28,2643.85
66,1/29/2019,2640.0,2019-01-29,2640.0
67,1/30/2019,2681.05,2019-01-30,2681.05
68,1/31/2019,2704.1,2019-01-31,2704.1
69,2/1/2019,2706.53,2019-02-01,2706.53
70,2/4/2019,2724.87,2019-02-04,2724.87
71,2/5/2019,2737.7,2019-02-05,2737.7
72,2/6/2019,2731.61,2019-02-06,2731.61
73,2/7/2019,2706.05,2019-02-07,2706.05
74,2/8/2019,2707.88,2019-02-08,2707.88
75,2/11/2019,2709.8,2019-02-11,2709.8
76,2/12/2019,2744.73,2019-02-12,2744.73
77,2/13/2019,2753.03,2019-02-13,2753.03
78,2/14/2019,2745.73,2019-02-14,2745.73
79,2/15/2019,2775.6,2019-02-15,2775.6
80,2/18/2019,,2019-02-18,
81,2/19/2019,2779.76,2019-02-19,2779.76
82,2/20/2019,2784.7,2019-02-20,2784.7
83,2/21/2019,2774.88,2019-02-21,2774.88
84,2/22/2019,2792.67,2019-02-22,2792.67
85,2/25/2019,2796.11,2019-02-25,2796.11
86,2/26/2019,2793.9,2019-02-26,2793.9
87,2/27/2019,2792.38,2019-02-27,2792.38
88,2/28/2019,2784.49,2019-02-28,2784.49
89,3/1/2019,2803.69,2019-03-01,2803.69
90,3/4/2019,2792.81,2019-03-04,2792.81
91,3/5/2019,2789.65,2019-03-05,2789.65
92,3/6/2019,2771.45,2019-03-06,2771.45
93,3/7/2019,2748.93,2019-03-07,2748.93
94,3/8/2019,2743.07,2019-03-08,2743.07
95,3/11/2019,2783.3,2019-03-11,2783.3
96,3/12/2019,2791.52,2019-03-12,2791.52
97,3/13/2019,2810.92,2019-03-13,2810.92
98,3/14/2019,2808.48,2019-03-14,2808.48
99,3/15/2019,2822.48,2019-03-15,2822.48
100,3/18/2019,2832.94,2019-03-18,2832.94
101,3/19/2019,2832.57,2019-03-19,2832.57
102,3/20/2019,2824.23,2019-03-20,2824.23
103,3/21/2019,2854.88,2019-03-21,2854.88
104,3/22/2019,2800.71,2019-03-22,2800.71
105,3/25/2019,2798.36,2019-03-25,2798.36
106,3/26/2019,2818.46,2019-03-26,2818.46
107,3/27/2019,2805.37,2019-03-27,2805.37
108,3/28/2019,2815.44,2019-03-28,2815.44
109,3/29/2019,2834.4,2019-03-29,2834.4
110,4/1/2019,2867.19,2019-04-01,2867.19
111,4/2/2019,2867.24,2019-04-02,2867.24
112,4/3/2019,2873.4,2019-04-03,2873.4
113,4/4/2019,2879.39,2019-04-04,2879.39
114,4/5/2019,2892.74,2019-04-05,2892.74
115,4/8/2019,2895.77,2019-04-08,2895.77
116,4/9/2019,2878.2,2019-04-09,2878.2
117,4/10/2019,2888.21,2019-04-10,2888.21
118,4/11/2019,2888.32,2019-04-11,2888.32
119,4/12/2019,2907.41,2019-04-12,2907.41
120,4/15/2019,2905.58,2019-04-15,2905.58
121,4/16/2019,2907.06,2019-04-16,2907.06
122,4/17/2019,2900.45,2019-04-17,2900.45
123,4/18/2019,2905.03,2019-04-18,2905.03
124,4/19/2019,,2019-04-19,
125,4/22/2019,2907.97,2019-04-22,2907.97
126,4/23/2019,2933.68,2019-04-23,2933.68
127,4/24/2019,2927.25,2019-04-24,2927.25
128,4/25/2019,2926.17,2019-04-25,2926.17
129,4/26/2019,2939.88,2019-04-26,2939.88
130,4/29/2019,2943.03,2019-04-29,2943.03
131,4/30/2019,2945.83,2019-04-30,2945.83
132,5/1/2019,2923.73,2019-05-01,2923.73
133,5/2/2019,2917.52,2019-05-02,2917.52
134,5/3/2019,2945.64,2019-05-03,2945.64
135,5/6/2019,2932.47,2019-05-06,2932.47
136,5/7/2019,2884.05,2019-05-07,2884.05
137,5/8/2019,2879.42,2019-05-08,2879.42
138,5/9/2019,2870.72,2019-05-09,2870.72
139,5/10/2019,2881.4,2019-05-10,2881.4
140,5/13/2019,2811.87,2019-05-13,2811.87
141,5/14/2019,2834.41,2019-05-14,2834.41
142,5/15/2019,2850.96,2019-05-15,2850.96
143,5/16/2019,2876.32,2019-05-16,2876.32
144,5/17/2019,2859.53,2019-05-17,2859.53
145,5/20/2019,2840.23,2019-05-20,2840.23
146,5/21/2019,2864.36,2019-05-21,2864.36
147,5/22/2019,2856.27,2019-05-22,2856.27
148,5/23/2019,2822.24,2019-05-23,2822.24
149,5/24/2019,2826.06,2019-05-24,2826.06
150,5/27/2019,,2019-05-27,
151,5/28/2019,2802.39,2019-05-28,2802.39
152,5/29/2019,2783.02,2019-05-29,2783.02
153,5/30/2019,2788.86,2019-05-30,2788.86
154,5/31/2019,2752.06,2019-05-31,2752.06
155,6/3/2019,2744.45,2019-06-03,2744.45
156,6/4/2019,2803.27,2019-06-04,2803.27
157,6/5/2019,2826.15,2019-06-05,2826.15
158,6/6/2019,2843.49,2019-06-06,2843.49
159,6/7/2019,2873.34,2019-06-07,2873.34
160,6/10/2019,2886.73,2019-06-10,2886.73
161,6/11/2019,2885.72,2019-06-11,2885.72
162,6/12/2019,2879.84,2019-06-12,2879.84
163,6/13/2019,2891.64,2019-06-13,2891.64
164,6/14/2019,2886.98,2019-06-14,2886.98
165,6/17/2019,2889.67,2019-06-17,2889.67
166,6/18/2019,2917.75,2019-06-18,2917.75
167,6/19/2019,2926.46,2019-06-19,2926.46
168,6/20/2019,2954.18,2019-06-20,2954.18
169,6/21/2019,2950.46,2019-06-21,2950.46
170,6/24/2019,2945.35,2019-06-24,2945.35
171,6/25/2019,2917.38,2019-06-25,2917.38
172,6/26/2019,2913.78,2019-06-26,2913.78
173,6/27/2019,2924.92,2019-06-27,2924.92
174,6/28/2019,2941.76,2019-06-28,2941.76
175,7/1/2019,2964.33,2019-07-01,2964.33
176,7/2/2019,2973.01,2019-07-02,2973.01
177,7/3/2019,2995.82,2019-07-03,2995.82
178,7/4/2019,,2019-07-04,
179,7/5/2019,2990.41,2019-07-05,2990.41
180,7/8/2019,2975.95,2019-07-08,2975.95
181,7/9/2019,2979.63,2019-07-09,2979.63
182,7/10/2019,2993.07,2019-07-10,2993.07
183,7/11/2019,2999.91,2019-07-11,2999.91
184,7/12/2019,3013.77,2019-07-12,3013.77
185,7/15/2019,3014.3,2019-07-15,3014.3
186,7/16/2019,3004.04,2019-07-16,3004.04
187,7/17/2019,2984.42,2019-07-17,2984.42
188,7/18/2019,2995.11,2019-07-18,2995.11
189,7/19/2019,2976.61,2019-07-19,2976.61
190,7/22/2019,2985.03,2019-07-22,2985.03
191,7/23/2019,3005.47,2019-07-23,3005.47
192,7/24/2019,3019.56,2019-07-24,3019.56
193,7/25/2019,3003.67,2019-07-25,3003.67
194,7/26/2019,3025.86,2019-07-26,3025.86
195,7/29/2019,3020.97,2019-07-29,3020.97
196,7/30/2019,3013.18,2019-07-30,3013.18
197,7/31/2019,2980.38,2019-07-31,2980.38
198,8/1/2019,2953.56,2019-08-01,2953.56
199,8/2/2019,2932.05,2019-08-02,2932.05
200,8/5/2019,2844.74,2019-08-05,2844.74
201,8/6/2019,2881.77,2019-08-06,2881.77
202,8/7/2019,2883.98,2019-08-07,2883.98
203,8/8/2019,2938.09,2019-08-08,2938.09
204,8/9/2019,2918.65,2019-08-09,2918.65
205,8/12/2019,2883.75,2019-08-12,2883.75
206,8/13/2019,2926.32,2019-08-13,2926.32
207,8/14/2019,2840.6,2019-08-14,2840.6
208,8/15/2019,2847.6,2019-08-15,2847.6
209,8/16/2019,2888.68,2019-08-16,2888.68
210,8/19/2019,2923.65,2019-08-19,2923.65
211,8/20/2019,2900.51,2019-08-20,2900.51
212,8/21/2019,2924.43,2019-08-21,2924.43
213,8/22/2019,2922.95,2019-08-22,2922.95
214,8/23/2019,2847.11,2019-08-23,2847.11
215,8/26/2019,2878.38,2019-08-26,2878.38
216,8/27/2019,2869.16,2019-08-27,2869.16
217,8/28/2019,2887.94,2019-08-28,2887.94
218,8/29/2019,2924.58,2019-08-29,2924.58
219,8/30/2019,2926.46,2019-08-30,2926.46
220,9/2/2019,,2019-09-02,
221,9/3/2019,2906.27,2019-09-03,2906.27
222,9/4/2019,2937.78,2019-09-04,2937.78
223,9/5/2019,2976.0,2019-09-05,2976.0
224,9/6/2019,2978.71,2019-09-06,2978.71
225,9/9/2019,2978.43,2019-09-09,2978.43
226,9/10/2019,2979.39,2019-09-10,2979.39
227,9/11/2019,3000.93,2019-09-11,3000.93
228,9/12/2019,3009.57,2019-09-12,3009.57
229,9/13/2019,3007.39,2019-09-13,3007.39
230,9/16/2019,2997.96,2019-09-16,2997.96
231,9/17/2019,3005.7,2019-09-17,3005.7
232,9/18/2019,3006.73,2019-09-18,3006.73
233,9/19/2019,3006.79,2019-09-19,3006.79
234,9/20/2019,2992.07,2019-09-20,2992.07
235,9/23/2019,2991.78,2019-09-23,2991.78
236,9/24/2019,2966.6,2019-09-24,2966.6
237,9/25/2019,2984.87,2019-09-25,2984.87
238,9/26/2019,2977.62,2019-09-26,2977.62
239,9/27/2019,2961.79,2019-09-27,2961.79
240,9/30/2019,2976.74,2019-09-30,2976.74
241,10/1/2019,2940.25,2019-10-01,2940.25
242,10/2/2019,2887.61,2019-10-02,2887.61
243,10/3/2019,2910.63,2019-10-03,2910.63
244,10/4/2019,2952.01,2019-10-04,2952.01
245,10/7/2019,2938.79,2019-10-07,2938.79
246,10/8/2019,2893.06,2019-10-08,2893.06
247,10/9/2019,2919.4,2019-10-09,2919.4
248,10/10/2019,2938.13,2019-10-10,2938.13
249,10/11/2019,2970.27,2019-10-11,2970.27
250,10/14/2019,2966.15,2019-10-14,2966.15
251,10/15/2019,2995.68,2019-10-15,2995.68
252,10/16/2019,2989.69,2019-10-16,2989.69
253,10/17/2019,2997.95,2019-10-17,2997.95
254,10/18/2019,2986.2,2019-10-18,2986.2
255,10/21/2019,3006.72,2019-10-21,3006.72
256,10/22/2019,2995.99,2019-10-22,2995.99
257,10/23/2019,3004.52,2019-10-23,3004.52
258,10/24/2019,3010.29,2019-10-24,3010.29
259,10/25/2019,3022.55,2019-10-25,3022.55
260,10/28/2019,3039.42,2019-10-28,3039.42
261,10/29/2019,3036.89,2019-10-29,3036.89
262,10/30/2019,3046.77,2019-10-30,3046.77
263,10/31/2019,3037.56,2019-10-31,3037.56
264,11/1/2019,3066.91,2019-11-01,3066.91
265,11/4/2019,3078.27,2019-11-04,3078.27
266,11/5/2019,3074.62,2019-11-05,3074.62
267,11/6/2019,3076.78,2019-11-06,3076.78
268,11/7/2019,3085.18,2019-11-07,3085.18
269,11/8/2019,3093.08,2019-11-08,3093.08
270,11/11/2019,3087.01,2019-11-11,3087.01
271,11/12/2019,3091.84,2019-11-12,3091.84
272,11/13/2019,3094.04,2019-11-13,3094.04
273,11/14/2019,3096.63,2019-11-14,3096.63
274,11/15/2019,3120.46,2019-11-15,3120.46
275,11/18/2019,3122.03,2019-11-18,3122.03
276,11/19/2019,3120.18,2019-11-19,3120.18
277,11/20/2019,3108.46,2019-11-20,3108.46
278,11/21/2019,3103.54,2019-11-21,3103.54
279,11/22/2019,3110.29,2019-11-22,3110.29
280,11/25/2019,3133.64,2019-11-25,3133.64
281,11/26/2019,3140.52,2019-11-26,3140.52
282,11/27/2019,3153.63,2019-11-27,3153.63
283,11/28/2019,,2019-11-28,
284,11/29/2019,3140.98,2019-11-29,3140.98
285,12/2/2019,3113.87,2019-12-02,3113.87
286,12/3/2019,3093.2,2019-12-03,3093.2
287,12/4/2019,3112.76,2019-12-04,3112.76
288,12/5/2019,3117.43,2019-12-05,3117.43
289,12/6/2019,3145.91,2019-12-06,3145.91
290,12/9/2019,3135.96,2019-12-09,3135.96
291,12/10/2019,3132.52,2019-12-10,3132.52
292,12/11/2019,3141.63,2019-12-11,3141.63
293,12/12/2019,3168.57,2019-12-12,3168.57
294,12/13/2019,3168.8,2019-12-13,3168.8
295,12/16/2019,3191.45,2019-12-16,3191.45
296,12/17/2019,3192.52,2019-12-17,3192.52
297,12/18/2019,3191.14,2019-12-18,3191.14
298,12/19/2019,3205.37,2019-12-19,3205.37
299,12/20/2019,3221.22,2019-12-20,3221.22
300,12/23/2019,3224.01,2019-12-23,3224.01
301,12/24/2019,3223.38,2019-12-24,3223.38
302,12/25/2019,,2019-12-25,
303,12/26/2019,3239.91,2019-12-26,3239.91
304,12/27/2019,3240.02,2019-12-27,3240.02
305,12/30/2019,3221.29,2019-12-30,3221.29
306,12/31/2019,3230.78,2019-12-31,3230.78
307,1/1/2020,,2020-01-01,
308,1/2/2020,3257.85,2020-01-02,3257.85
309,1/3/2020,3234.85,2020-01-03,3234.85
310,1/6/2020,3246.28,2020-01-06,3246.28
311,1/7/2020,3237.18,2020-01-07,3237.18
312,1/8/2020,3253.05,2020-01-08,3253.05
313,1/9/2020,3274.7,2020-01-09,3274.7
314,1/10/2020,3265.35,2020-01-10,3265.35
315,1/13/2020,3288.13,2020-01-13,3288.13
316,1/14/2020,3283.15,2020-01-14,3283.15
317,1/15/2020,3289.29,2020-01-15,3289.29
318,1/16/2020,3316.81,2020-01-16,3316.81
319,1/17/2020,3329.62,2020-01-17,3329.62
320,1/20/2020,,2020-01-20,
321,1/21/2020,3320.79,2020-01-21,3320.79
322,1/22/2020,3321.75,2020-01-22,3321.75
323,1/23/2020,3325.54,2020-01-23,3325.54
324,1/24/2020,3295.47,2020-01-24,3295.47
325,1/27/2020,3243.63,2020-01-27,3243.63
326,1/28/2020,3276.24,2020-01-28,3276.24
327,1/29/2020,3273.4,2020-01-29,3273.4
328,1/30/2020,3283.66,2020-01-30,3283.66
329,1/31/2020,3225.52,2020-01-31,3225.52
330,2/3/2020,3248.92,2020-02-03,3248.92
331,2/4/2020,3297.59,2020-02-04,3297.59
332,2/5/2020,3334.69,2020-02-05,3334.69
333,2/6/2020,3345.78,2020-02-06,3345.78
334,2/7/2020,3327.71,2020-02-07,3327.71
335,2/10/2020,3352.09,2020-02-10,3352.09
336,2/11/2020,3357.75,2020-02-11,3357.75
337,2/12/2020,3379.45,2020-02-12,3379.45
338,2/13/2020,3373.94,2020-02-13,3373.94
339,2/14/2020,3380.16,2020-02-14,3380.16
340,2/17/2020,,2020-02-17,
341,2/18/2020,3370.29,2020-02-18,3370.29
342,2/19/2020,3386.15,2020-02-19,3386.15
343,2/20/2020,3373.23,2020-02-20,3373.23
344,2/21/2020,3337.75,2020-02-21,3337.75
345,2/24/2020,3225.89,2020-02-24,3225.89
346,2/25/2020,3128.21,2020-02-25,3128.21
347,2/26/2020,3116.39,2020-02-26,3116.39
348,2/27/2020,2978.76,2020-02-27,2978.76
349,2/28/2020,2954.22,2020-02-28,2954.22
350,3/2/2020,3090.23,2020-03-02,3090.23
351,3/3/2020,3003.37,2020-03-03,3003.37
352,3/4/2020,3130.12,2020-03-04,3130.12
353,3/5/2020,3023.94,2020-03-05,3023.94
354,3/6/2020,2972.37,2020-03-06,2972.37
355,3/9/2020,2746.56,2020-03-09,2746.56
356,3/10/2020,2882.23,2020-03-10,2882.23
357,3/11/2020,2741.38,2020-03-11,2741.38
358,3/12/2020,2480.64,2020-03-12,2480.64
359,3/13/2020,2711.02,2020-03-13,2711.02
360,3/16/2020,2386.13,2020-03-16,2386.13
361,3/17/2020,2529.19,2020-03-17,2529.19
362,3/18/2020,2398.1,2020-03-18,2398.1
363,3/19/2020,2409.39,2020-03-19,2409.39
364,3/20/2020,2304.92,2020-03-20,2304.92
365,3/23/2020,2237.4,2020-03-23,2237.4
366,3/24/2020,2447.33,2020-03-24,2447.33
367,3/25/2020,2475.56,2020-03-25,2475.56
368,3/26/2020,2630.07,2020-03-26,2630.07
369,3/27/2020,2541.47,2020-03-27,2541.47
370,3/30/2020,2626.65,2020-03-30,2626.65
371,3/31/2020,2584.59,2020-03-31,2584.59
372,4/1/2020,2470.5,2020-04-01,2470.5
373,4/2/2020,2526.9,2020-04-02,2526.9
374,4/3/2020,2488.65,2020-04-03,2488.65
375,4/6/2020,2663.68,2020-04-06,2663.68
376,4/7/2020,2659.41,2020-04-07,2659.41
377,4/8/2020,2749.98,2020-04-08,2749.98
378,4/9/2020,2789.82,2020-04-09,2789.82
379,4/10/2020,,2020-04-10,
380,4/13/2020,2761.63,2020-04-13,2761.63
381,4/14/2020,2846.06,2020-04-14,2846.06
382,4/15/2020,2783.36,2020-04-15,2783.36
383,4/16/2020,2799.55,2020-04-16,2799.55
384,4/17/2020,2874.56,2020-04-17,2874.56
385,4/20/2020,2823.16,2020-04-20,2823.16
386,4/21/2020,2736.56,2020-04-21,2736.56
387,4/22/2020,2799.31,2020-04-22,2799.31
388,4/23/2020,2797.8,2020-04-23,2797.8
389,4/24/2020,2836.74,2020-04-24,2836.74
390,4/27/2020,2878.48,2020-04-27,2878.48
391,4/28/2020,2863.39,2020-04-28,2863.39
392,4/29/2020,2939.51,2020-04-29,2939.51
393,4/30/2020,2912.43,2020-04-30,2912.43
394,5/1/2020,2830.71,2020-05-01,2830.71
395,5/4/2020,2842.74,2020-05-04,2842.74
396,5/5/2020,2868.44,2020-05-05,2868.44
397,5/6/2020,2848.42,2020-05-06,2848.42
398,5/7/2020,2881.19,2020-05-07,2881.19
399,5/8/2020,2929.8,2020-05-08,2929.8
400,5/11/2020,2930.32,2020-05-11,2930.32
401,5/12/2020,2870.12,2020-05-12,2870.12
402,5/13/2020,2820.0,2020-05-13,2820.0
403,5/14/2020,2852.5,2020-05-14,2852.5
404,5/15/2020,2863.7,2020-05-15,2863.7
405,5/18/2020,2953.91,2020-05-18,2953.91
406,5/19/2020,2922.94,2020-05-19,2922.94
407,5/20/2020,2971.61,2020-05-20,2971.61
408,5/21/2020,2948.51,2020-05-21,2948.51
409,5/22/2020,2955.45,2020-05-22,2955.45
410,5/25/2020,,2020-05-25,
411,5/26/2020,2991.77,2020-05-26,2991.77
412,5/27/2020,3036.13,2020-05-27,3036.13
413,5/28/2020,3029.73,2020-05-28,3029.73
414,5/29/2020,3044.31,2020-05-29,3044.31
415,6/1/2020,3055.73,2020-06-01,3055.73
416,6/2/2020,3080.82,2020-06-02,3080.82
417,6/3/2020,3122.87,2020-06-03,3122.87
418,6/4/2020,3112.35,2020-06-04,3112.35
419,6/5/2020,3193.93,2020-06-05,3193.93
420,6/8/2020,3232.39,2020-06-08,3232.39
421,6/9/2020,3207.18,2020-06-09,3207.18
422,6/10/2020,3190.14,2020-06-10,3190.14
423,6/11/2020,3002.1,2020-06-11,3002.1
424,6/12/2020,3041.31,2020-06-12,3041.31
425,6/15/2020,3066.59,2020-06-15,3066.59
426,6/16/2020,3124.74,2020-06-16,3124.74
427,6/17/2020,3113.49,2020-06-17,3113.49
428,6/18/2020,3115.34,2020-06-18,3115.34
429,6/19/2020,3097.74,2020-06-19,3097.74
430,6/22/2020,3117.86,2020-06-22,3117.86
431,6/23/2020,3131.29,2020-06-23,3131.29
432,6/24/2020,3050.33,2020-06-24,3050.33
433,6/25/2020,3083.76,2020-06-25,3083.76
434,6/26/2020,3009.05,2020-06-26,3009.05
435,6/29/2020,3053.24,2020-06-29,3053.24
436,6/30/2020,3100.29,2020-06-30,3100.29
437,7/1/2020,3115.86,2020-07-01,3115.86
438,7/2/2020,3130.01,2020-07-02,3130.01
439,7/3/2020,,2020-07-03,
440,7/6/2020,3179.72,2020-07-06,3179.72
441,7/7/2020,3145.32,2020-07-07,3145.32
442,7/8/2020,3169.94,2020-07-08,3169.94
443,7/9/2020,3152.05,2020-07-09,3152.05
444,7/10/2020,3185.04,2020-07-10,3185.04
445,7/13/2020,3155.22,2020-07-13,3155.22
446,7/14/2020,3197.52,2020-07-14,3197.52
447,7/15/2020,3226.56,2020-07-15,3226.56
448,7/16/2020,3215.57,2020-07-16,3215.57
449,7/17/2020,3224.73,2020-07-17,3224.73
450,7/20/2020,3251.84,2020-07-20,3251.84
451,7/21/2020,3257.3,2020-07-21,3257.3
452,7/22/2020,3276.02,2020-07-22,3276.02
453,7/23/2020,3235.66,2020-07-23,3235.66
454,7/24/2020,3215.63,2020-07-24,3215.63
455,7/27/2020,3239.41,2020-07-27,3239.41
456,7/28/2020,3218.44,2020-07-28,3218.44
457,7/29/2020,3258.44,2020-07-29,3258.44
458,7/30/2020,3246.22,2020-07-30,3246.22
459,7/31/2020,3271.12,2020-07-31,3271.12
460,8/3/2020,3294.61,2020-08-03,3294.61
461,8/4/2020,3306.51,2020-08-04,3306.51
462,8/5/2020,3327.77,2020-08-05,3327.77
463,8/6/2020,3349.16,2020-08-06,3349.16
464,8/7/2020,3351.28,2020-08-07,3351.28
465,8/10/2020,3360.47,2020-08-10,3360.47
466,8/11/2020,3333.69,2020-08-11,3333.69
467,8/12/2020,3380.35,2020-08-12,3380.35
468,8/13/2020,3373.43,2020-08-13,3373.43
469,8/14/2020,3372.85,2020-08-14,3372.85
470,8/17/2020,3381.99,2020-08-17,3381.99
471,8/18/2020,3389.78,2020-08-18,3389.78
472,8/19/2020,3374.85,2020-08-19,3374.85
473,8/20/2020,3385.51,2020-08-20,3385.51
474,8/21/2020,3397.16,2020-08-21,3397.16
475,8/24/2020,3431.28,2020-08-24,3431.28
476,8/25/2020,3443.62,2020-08-25,3443.62
477,8/26/2020,3478.73,2020-08-26,3478.73
478,8/27/2020,3484.55,2020-08-27,3484.55
479,8/28/2020,3508.01,2020-08-28,3508.01
480,8/31/2020,3500.31,2020-08-31,3500.31
481,9/1/2020,3526.65,2020-09-01,3526.65
482,9/2/2020,3580.84,2020-09-02,3580.84
483,9/3/2020,3455.06,2020-09-03,3455.06
484,9/4/2020,3426.96,2020-09-04,3426.96
485,9/7/2020,,2020-09-07,
486,9/8/2020,3331.84,2020-09-08,3331.84
487,9/9/2020,3398.96,2020-09-09,3398.96
488,9/10/2020,3339.19,2020-09-10,3339.19
489,9/11/2020,3340.97,2020-09-11,3340.97
490,9/14/2020,3383.54,2020-09-14,3383.54
491,9/15/2020,3401.2,2020-09-15,3401.2
492,9/16/2020,3385.49,2020-09-16,3385.49
493,9/17/2020,3357.01,2020-09-17,3357.01
494,9/18/2020,3319.47,2020-09-18,3319.47
495,9/21/2020,3281.06,2020-09-21,3281.06
496,9/22/2020,3315.57,2020-09-22,3315.57
497,9/23/2020,3236.92,2020-09-23,3236.92
498,9/24/2020,3246.59,2020-09-24,3246.59
499,9/25/2020,3298.46,2020-09-25,3298.46
500,9/28/2020,3351.6,2020-09-28,3351.6
501,9/29/2020,3335.47,2020-09-29,3335.47
502,9/30/2020,3363.0,2020-09-30,3363.0
503,10/1/2020,3380.8,2020-10-01,3380.8
504,10/2/2020,3348.44,2020-10-02,3348.44
505,10/5/2020,3408.63,2020-10-05,3408.63
506,10/6/2020,3360.95,2020-10-06,3360.95
507,10/7/2020,3419.45,2020-10-07,3419.45
508,10/8/2020,3446.83,2020-10-08,3446.83
509,10/9/2020,3477.13,2020-10-09,3477.13
510,10/12/2020,3534.22,2020-10-12,3534.22
511,10/13/2020,3511.93,2020-10-13,3511.93
512,10/14/2020,3488.67,2020-10-14,3488.67
513,10/15/2020,3483.34,2020-10-15,3483.34
514,10/16/2020,3483.81,2020-10-16,3483.81
515,10/19/2020,3426.92,2020-10-19,3426.92
516,10/20/2020,3443.12,2020-10-20,3443.12
517,10/21/2020,3435.56,2020-10-21,3435.56
518,10/22/2020,3453.49,2020-10-22,3453.49
519,10/23/2020,3465.39,2020-10-23,3465.39
520,10/26/2020,3400.97,2020-10-26,3400.97
521,10/27/2020,3390.68,2020-10-27,3390.68
522,10/28/2020,3271.03,2020-10-28,3271.03
523,10/29/2020,3310.11,2020-10-29,3310.11
524,10/30/2020,3269.96,2020-10-30,3269.96
525,11/2/2020,3310.24,2020-11-02,3310.24
526,11/3/2020,3369.16,2020-11-03,3369.16
527,11/4/2020,3443.44,2020-11-04,3443.44
528,11/5/2020,3510.45,2020-11-05,3510.45
529,11/6/2020,3509.44,2020-11-06,3509.44
530,11/9/2020,3550.5,2020-11-09,3550.5
531,11/10/2020,3545.53,2020-11-10,3545.53
532,11/11/2020,3572.66,2020-11-11,3572.66
533,11/12/2020,3537.01,2020-11-12,3537.01
534,11/13/2020,3585.15,2020-11-13,3585.15
535,11/16/2020,3626.91,2020-11-16,3626.91
536,11/17/2020,3609.53,2020-11-17,3609.53
537,11/18/2020,3567.79,2020-11-18,3567.79
538,11/19/2020,3581.87,2020-11-19,3581.87
539,11/20/2020,3557.54,2020-11-20,3557.54
540,11/23/2020,3577.59,2020-11-23,3577.59
541,11/24/2020,3635.41,2020-11-24,3635.41
542,11/25/2020,3629.65,2020-11-25,3629.65
543,11/26/2020,,2020-11-26,
544,11/27/2020,3638.35,2020-11-27,3638.35
545,11/30/2020,3621.63,2020-11-30,3621.63
546,12/1/2020,3662.45,2020-12-01,3662.45
547,12/2/2020,3669.01,2020-12-02,3669.01
548,12/3/2020,3666.72,2020-12-03,3666.72
549,12/4/2020,3699.12,2020-12-04,3699.12
550,12/7/2020,3691.96,2020-12-07,3691.96
551,12/8/2020,3702.25,2020-12-08,3702.25
552,12/9/2020,3672.82,2020-12-09,3672.82
553,12/10/2020,3668.1,2020-12-10,3668.1
554,12/11/2020,3663.46,2020-12-11,3663.46
555,12/14/2020,3647.49,2020-12-14,3647.49
556,12/15/2020,3694.62,2020-12-15,3694.62
557,12/16/2020,3701.17,2020-12-16,3701.17
558,12/17/2020,3722.48,2020-12-17,3722.48
559,12/18/2020,3709.41,2020-12-18,3709.41
560,12/21/2020,3694.92,2020-12-21,3694.92
561,12/22/2020,3687.26,2020-12-22,3687.26
562,12/23/2020,3690.01,2020-12-23,3690.01
563,12/24/2020,3703.06,2020-12-24,3703.06
564,12/25/2020,,2020-12-25,
565,12/28/2020,3735.36,2020-12-28,3735.36
566,12/29/2020,3727.04,2020-12-29,3727.04
567,12/30/2020,3732.04,2020-12-30,3732.04
568,12/31/2020,3756.07,2020-12-31,3756.07
569,1/1/2021,,2021-01-01,
570,1/4/2021,3700.65,2021-01-04,3700.65
571,1/5/2021,3726.86,2021-01-05,3726.86
572,1/6/2021,3748.14,2021-01-06,3748.14
573,1/7/2021,3803.79,2021-01-07,3803.79
574,1/8/2021,3824.68,2021-01-08,3824.68
575,1/11/2021,3799.61,2021-01-11,3799.61
576,1/12/2021,3801.19,2021-01-12,3801.19
577,1/13/2021,3809.84,2021-01-13,3809.84
578,1/14/2021,3795.54,2021-01-14,3795.54
579,1/15/2021,3768.25,2021-01-15,3768.25
580,1/18/2021,,2021-01-18,
581,1/19/2021,3798.91,2021-01-19,3798.91
582,1/20/2021,3851.85,2021-01-20,3851.85
583,1/21/2021,3853.07,2021-01-21,3853.07
584,1/22/2021,3841.47,2021-01-22,3841.47
585,1/25/2021,3855.36,2021-01-25,3855.36
586,1/26/2021,3849.62,2021-01-26,3849.62
587,1/27/2021,3750.77,2021-01-27,3750.77
588,1/28/2021,3787.38,2021-01-28,3787.38
589,1/29/2021,3714.24,2021-01-29,3714.24
590,2/1/2021,3773.86,2021-02-01,3773.86
591,2/2/2021,3826.31,2021-02-02,3826.31
592,2/3/2021,3830.17,2021-02-03,3830.17
593,2/4/2021,3871.74,2021-02-04,3871.74
594,2/5/2021,3886.83,2021-02-05,3886.83
595,2/8/2021,3915.59,2021-02-08,3915.59
596,2/9/2021,3911.23,2021-02-09,3911.23
597,2/10/2021,3909.88,2021-02-10,3909.88
598,2/11/2021,3916.38,2021-02-11,3916.38
599,2/12/2021,3934.83,2021-02-12,3934.83
600,2/15/2021,,2021-02-15,
601,2/16/2021,3932.59,2021-02-16,3932.59
602,2/17/2021,3931.33,2021-02-17,3931.33
603,2/18/2021,3913.97,2021-02-18,3913.97
604,2/19/2021,3906.71,2021-02-19,3906.71
605,2/22/2021,3876.5,2021-02-22,3876.5
606,2/23/2021,3881.37,2021-02-23,3881.37
607,2/24/2021,3925.43,2021-02-24,3925.43
608,2/25/2021,3829.34,2021-02-25,3829.34
609,2/26/2021,3811.15,2021-02-26,3811.15
610,3/1/2021,3901.82,2021-03-01,3901.82
611,3/2/2021,3870.29,2021-03-02,3870.29
612,3/3/2021,3819.72,2021-03-03,3819.72
613,3/4/2021,3768.47,2021-03-04,3768.47
614,3/5/2021,3841.94,2021-03-05,3841.94
615,3/8/2021,3821.35,2021-03-08,3821.35
616,3/9/2021,3875.44,2021-03-09,3875.44
617,3/10/2021,3898.81,2021-03-10,3898.81
618,3/11/2021,3939.34,2021-03-11,3939.34
619,3/12/2021,3943.34,2021-03-12,3943.34
620,3/15/2021,3968.94,2021-03-15,3968.94
621,3/16/2021,3962.71,2021-03-16,3962.71
622,3/17/2021,3974.12,2021-03-17,3974.12
623,3/18/2021,3915.46,2021-03-18,3915.46
624,3/19/2021,3913.1,2021-03-19,3913.1
625,3/22/2021,3940.59,2021-03-22,3940.59
626,3/23/2021,3910.52,2021-03-23,3910.52
627,3/24/2021,3889.14,2021-03-24,3889.14
628,3/25/2021,3909.52,2021-03-25,3909.52
629,3/26/2021,3974.54,2021-03-26,3974.54
630,3/29/2021,3971.09,2021-03-29,3971.09
631,3/30/2021,3958.55,2021-03-30,3958.55
632,3/31/2021,3972.89,2021-03-31,3972.89
633,4/1/2021,4019.87,2021-04-01,4019.87
634,4/2/2021,,2021-04-02,
635,4/5/2021,4077.91,2021-04-05,4077.91
636,4/6/2021,4073.94,2021-04-06,4073.94
637,4/7/2021,4079.95,2021-04-07,4079.95
638,4/8/2021,4097.17,2021-04-08,4097.17
639,4/9/2021,4128.8,2021-04-09,4128.8
640,4/12/2021,4127.99,2021-04-12,4127.99
641,4/13/2021,4141.59,2021-04-13,4141.59
642,4/14/2021,4124.66,2021-04-14,4124.66
643,4/15/2021,4170.42,2021-04-15,4170.42
644,4/16/2021,4185.47,2021-04-16,4185.47
645,4/19/2021,4163.26,2021-04-19,4163.26
646,4/20/2021,4134.94,2021-04-20,4134.94
647,4/21/2021,4173.42,2021-04-21,4173.42
648,4/22/2021,4134.98,2021-04-22,4134.98
649,4/23/2021,4180.17,2021-04-23,4180.17
650,4/26/2021,4187.62,2021-04-26,4187.62
651,4/27/2021,4186.72,2021-04-27,4186.72
652,4/28/2021,4183.18,2021-04-28,4183.18
653,4/29/2021,4211.47,2021-04-29,4211.47
654,4/30/2021,4181.17,2021-04-30,4181.17
655,5/3/2021,4192.66,2021-05-03,4192.66
656,5/4/2021,4164.66,2021-05-04,4164.66
657,5/5/2021,4167.59,2021-05-05,4167.59
658,5/6/2021,4201.62,2021-05-06,4201.62
659,5/7/2021,4232.6,2021-05-07,4232.6
660,5/10/2021,4188.43,2021-05-10,4188.43
661,5/11/2021,4152.1,2021-05-11,4152.1
662,5/12/2021,4063.04,2021-05-12,4063.04
663,5/13/2021,4112.5,2021-05-13,4112.5
664,5/14/2021,4173.85,2021-05-14,4173.85
665,5/17/2021,4163.29,2021-05-17,4163.29
666,5/18/2021,4127.83,2021-05-18,4127.83
667,5/19/2021,4115.68,2021-05-19,4115.68
668,5/20/2021,4159.12,2021-05-20,4159.12
669,5/21/2021,4155.86,2021-05-21,4155.86
670,5/24/2021,4197.05,2021-05-24,4197.05
671,5/25/2021,4188.13,2021-05-25,4188.13
672,5/26/2021,4195.99,2021-05-26,4195.99
673,5/27/2021,4200.88,2021-05-27,4200.88
674,5/28/2021,4204.11,2021-05-28,4204.11
675,5/31/2021,,2021-05-31,
676,6/1/2021,4202.04,2021-06-01,4202.04
677,6/2/2021,4208.12,2021-06-02,4208.12
678,6/3/2021,4192.85,2021-06-03,4192.85
679,6/4/2021,4229.89,2021-06-04,4229.89
680,6/7/2021,4226.52,2021-06-07,4226.52
681,6/8/2021,4227.26,2021-06-08,4227.26
682,6/9/2021,4219.55,2021-06-09,4219.55
683,6/10/2021,4239.18,2021-06-10,4239.18
684,6/11/2021,4247.44,2021-06-11,4247.44
685,6/14/2021,4255.15,2021-06-14,4255.15
686,6/15/2021,4246.59,2021-06-15,4246.59
687,6/16/2021,4223.7,2021-06-16,4223.7
688,6/17/2021,4221.86,2021-06-17,4221.86
689,6/18/2021,4166.45,2021-06-18,4166.45
690,6/21/2021,4224.79,2021-06-21,4224.79
691,6/22/2021,4246.44,2021-06-22,4246.44
692,6/23/2021,4241.84,2021-06-23,4241.84
693,6/24/2021,4266.49,2021-06-24,4266.49
694,6/25/2021,4280.7,2021-06-25,4280.7
695,6/28/2021,4290.61,2021-06-28,4290.61
696,6/29/2021,4291.8,2021-06-29,4291.8
697,6/30/2021,4297.5,2021-06-30,4297.5
698,7/1/2021,4319.94,2021-07-01,4319.94
699,7/2/2021,4352.34,2021-07-02,4352.34
700,7/5/2021,,2021-07-05,
701,7/6/2021,4343.54,2021-07-06,4343.54
702,7/7/2021,4358.13,2021-07-07,4358.13
703,7/8/2021,4320.82,2021-07-08,4320.82
704,7/9/2021,4369.55,2021-07-09,4369.55
705,7/12/2021,4384.63,2021-07-12,4384.63
706,7/13/2021,4369.21,2021-07-13,4369.21
707,7/14/2021,4374.3,2021-07-14,4374.3
708,7/15/2021,4360.03,2021-07-15,4360.03
709,7/16/2021,4327.16,2021-07-16,4327.16
710,7/19/2021,4258.49,2021-07-19,4258.49
711,7/20/2021,4323.06,2021-07-20,4323.06
712,7/21/2021,4358.69,2021-07-21,4358.69
713,7/22/2021,4367.48,2021-07-22,4367.48
714,7/23/2021,4411.79,2021-07-23,4411.79
715,7/26/2021,4422.3,2021-07-26,4422.3
716,7/27/2021,4401.46,2021-07-27,4401.46
717,7/28/2021,4400.64,2021-07-28,4400.64
718,7/29/2021,4419.15,2021-07-29,4419.15
719,7/30/2021,4395.26,2021-07-30,4395.26
720,8/2/2021,4387.16,2021-08-02,4387.16
721,8/3/2021,4423.15,2021-08-03,4423.15
722,8/4/2021,4402.66,2021-08-04,4402.66
723,8/5/2021,4429.1,2021-08-05,4429.1
724,8/6/2021,4436.52,2021-08-06,4436.52
725,8/9/2021,4432.35,2021-08-09,4432.35
726,8/10/2021,4436.75,2021-08-10,4436.75
727,8/11/2021,4447.7,2021-08-11,4447.7
728,8/12/2021,4460.83,2021-08-12,4460.83
729,8/13/2021,4468.0,2021-08-13,4468.0
730,8/16/2021,4479.71,2021-08-16,4479.71
731,8/17/2021,4448.08,2021-08-17,4448.08
732,8/18/2021,4400.27,2021-08-18,4400.27
733,8/19/2021,4405.8,2021-08-19,4405.8
734,8/20/2021,4441.67,2021-08-20,4441.67
735,8/23/2021,4479.53,2021-08-23,4479.53
736,8/24/2021,4486.23,2021-08-24,4486.23
737,8/25/2021,4496.19,2021-08-25,4496.19
738,8/26/2021,4470.0,2021-08-26,4470.0
739,8/27/2021,4509.37,2021-08-27,4509.37
740,8/30/2021,4528.79,2021-08-30,4528.79
741,8/31/2021,4522.68,2021-08-31,4522.68
742,9/1/2021,4524.09,2021-09-01,4524.09
743,9/2/2021,4536.95,2021-09-02,4536.95
744,9/3/2021,4535.43,2021-09-03,4535.43
745,9/6/2021,,2021-09-06,
746,9/7/2021,4520.03,2021-09-07,4520.03
747,9/8/2021,4514.07,2021-09-08,4514.07
748,9/9/2021,4493.28,2021-09-09,4493.28
749,9/10/2021,4458.58,2021-09-10,4458.58
750,9/13/2021,4468.73,2021-09-13,4468.73
751,9/14/2021,4443.05,2021-09-14,4443.05
752,9/15/2021,4480.7,2021-09-15,4480.7
753,9/16/2021,4473.75,2021-09-16,4473.75
754,9/17/2021,4432.99,2021-09-17,4432.99
755,9/20/2021,4357.73,2021-09-20,4357.73
756,9/21/2021,4354.19,2021-09-21,4354.19
757,9/22/2021,4395.64,2021-09-22,4395.64
758,9/23/2021,4448.98,2021-09-23,4448.98
759,9/24/2021,4455.48,2021-09-24,4455.48
760,9/27/2021,4443.11,2021-09-27,4443.11
761,9/28/2021,4352.63,2021-09-28,4352.63
762,9/29/2021,4359.46,2021-09-29,4359.46
763,9/30/2021,4307.54,2021-09-30,4307.54
764,10/1/2021,4357.04,2021-10-01,4357.04
765,10/4/2021,4300.46,2021-10-04,4300.46
766,10/5/2021,4345.72,2021-10-05,4345.72
767,10/6/2021,4363.55,2021-10-06,4363.55
768,10/7/2021,4399.76,2021-10-07,4399.76
769,10/8/2021,4391.34,2021-10-08,4391.34
770,10/11/2021,4361.19,2021-10-11,4361.19
771,10/12/2021,4350.65,2021-10-12,4350.65
772,10/13/2021,4363.8,2021-10-13,4363.8
773,10/14/2021,4438.26,2021-10-14,4438.26
774,10/15/2021,4471.37,2021-10-15,4471.37
775,10/18/2021,4486.46,2021-10-18,4486.46
776,10/19/2021,4519.63,2021-10-19,4519.63
777,10/20/2021,4536.19,2021-10-20,4536.19
778,10/21/2021,4549.78,2021-10-21,4549.78
779,10/22/2021,4544.9,2021-10-22,4544.9
780,10/25/2021,4566.48,2021-10-25,4566.48
781,10/26/2021,4574.79,2021-10-26,4574.79
782,10/27/2021,4551.68,2021-10-27,4551.68
783,10/28/2021,4596.42,2021-10-28,4596.42
784,10/29/2021,4605.38,2021-10-29,4605.38
785,11/1/2021,4613.67,2021-11-01,4613.67
786,11/2/2021,4630.65,2021-11-02,4630.65
787,11/3/2021,4660.57,2021-11-03,4660.57
788,11/4/2021,4680.06,2021-11-04,4680.06
789,11/5/2021,4697.53,2021-11-05,4697.53
790,11/8/2021,4701.7,2021-11-08,4701.7
791,11/9/2021,4685.25,2021-11-09,4685.25
792,11/10/2021,4646.71,2021-11-10,4646.71
793,11/11/2021,4649.27,2021-11-11,4649.27
794,11/12/2021,4682.85,2021-11-12,4682.85
795,11/15/2021,4682.8,2021-11-15,4682.8
796,11/16/2021,4700.9,2021-11-16,4700.9
797,11/17/2021,4688.67,2021-11-17,4688.67
798,11/18/2021,4704.54,2021-11-18,4704.54
799,11/19/2021,4697.96,2021-11-19,4697.96
800,11/22/2021,4682.94,2021-11-22,4682.94
801,11/23/2021,4690.7,2021-11-23,4690.7
802,11/24/2021,4701.46,2021-11-24,4701.46
803,11/25/2021,,2021-11-25,
804,11/26/2021,4594.62,2021-11-26,4594.62
805,11/29/2021,4655.27,2021-11-29,4655.27
806,11/30/2021,4567.0,2021-11-30,4567.0
807,12/1/2021,4513.04,2021-12-01,4513.04
808,12/2/2021,4577.1,2021-12-02,4577.1
809,12/3/2021,4538.43,2021-12-03,4538.43
810,12/6/2021,4591.67,2021-12-06,4591.67
811,12/7/2021,4686.75,2021-12-07,4686.75
812,12/8/2021,4701.21,2021-12-08,4701.21
813,12/9/2021,4667.45,2021-12-09,4667.45
814,12/10/2021,4712.02,2021-12-10,4712.02
815,12/13/2021,4668.97,2021-12-13,4668.97
816,12/14/2021,4634.09,2021-12-14,4634.09
817,12/15/2021,4709.85,2021-12-15,4709.85
818,12/16/2021,4668.67,2021-12-16,4668.67
819,12/17/2021,4620.64,2021-12-17,4620.64
820,12/20/2021,4568.02,2021-12-20,4568.02
821,12/21/2021,4649.23,2021-12-21,4649.23
822,12/22/2021,4696.56,2021-12-22,4696.56
823,12/23/2021,4725.79,2021-12-23,4725.79
824,12/24/2021,,2021-12-24,
825,12/27/2021,4791.19,2021-12-27,4791.19
826,12/28/2021,4786.35,2021-12-28,4786.35
827,12/29/2021,4793.06,2021-12-29,4793.06
828,12/30/2021,4778.73,2021-12-30,4778.73
829,12/31/2021,4766.18,2021-12-31,4766.18
830,1/3/2022,4796.56,2022-01-03,4796.56
831,1/4/2022,4793.54,2022-01-04,4793.54
832,1/5/2022,4700.58,2022-01-05,4700.58
833,1/6/2022,4696.05,2022-01-06,4696.05
834,1/7/2022,4677.03,2022-01-07,4677.03
835,1/10/2022,4670.29,2022-01-10,4670.29
836,1/11/2022,4713.07,2022-01-11,4713.07
837,1/12/2022,4726.35,2022-01-12,4726.35
838,1/13/2022,4659.03,2022-01-13,4659.03
839,1/14/2022,4662.85,2022-01-14,4662.85
840,1/17/2022,,2022-01-17,
841,1/18/2022,4577.11,2022-01-18,4577.11
842,1/19/2022,4532.76,2022-01-19,4532.76
843,1/20/2022,4482.73,2022-01-20,4482.73
844,1/21/2022,4397.94,2022-01-21,4397.94
845,1/24/2022,4410.13,2022-01-24,4410.13
846,1/25/2022,4356.45,2022-01-25,4356.45
847,1/26/2022,4349.93,2022-01-26,4349.93
848,1/27/2022,4326.51,2022-01-27,4326.51
849,1/28/2022,4431.85,2022-01-28,4431.85
850,1/31/2022,4515.55,2022-01-31,4515.55
851,2/1/2022,4546.54,2022-02-01,4546.54
852,2/2/2022,4589.38,2022-02-02,4589.38
853,2/3/2022,4477.44,2022-02-03,4477.44
854,2/4/2022,4500.53,2022-02-04,4500.53
855,2/7/2022,4483.87,2022-02-07,4483.87
856,2/8/2022,4521.54,2022-02-08,4521.54
857,2/9/2022,4587.18,2022-02-09,4587.18
858,2/10/2022,4504.08,2022-02-10,4504.08
859,2/11/2022,4418.64,2022-02-11,4418.64
860,2/14/2022,4401.67,2022-02-14,4401.67
861,2/15/2022,4471.07,2022-02-15,4471.07
862,2/16/2022,4475.01,2022-02-16,4475.01
863,2/17/2022,4380.26,2022-02-17,4380.26
864,2/18/2022,4348.87,2022-02-18,4348.87
865,2/21/2022,,2022-02-21,
866,2/22/2022,4304.76,2022-02-22,4304.76
867,2/23/2022,4225.5,2022-02-23,4225.5
868,2/24/2022,4288.7,2022-02-24,4288.7
869,2/25/2022,4384.65,2022-02-25,4384.65
870,2/28/2022,4373.94,2022-02-28,4373.94
871,3/1/2022,4306.26,2022-03-01,4306.26
872,3/2/2022,4386.54,2022-03-02,4386.54
873,3/3/2022,4363.49,2022-03-03,4363.49
874,3/4/2022,4328.87,2022-03-04,4328.87
875,3/7/2022,4201.09,2022-03-07,4201.09
876,3/8/2022,4170.7,2022-03-08,4170.7
877,3/9/2022,4277.88,2022-03-09,4277.88
878,3/10/2022,4259.52,2022-03-10,4259.52
879,3/11/2022,4204.31,2022-03-11,4204.31
880,3/14/2022,4173.11,2022-03-14,4173.11
881,3/15/2022,4262.45,2022-03-15,4262.45
882,3/16/2022,4357.86,2022-03-16,4357.86
883,3/17/2022,4411.67,2022-03-17,4411.67
884,3/18/2022,4463.12,2022-03-18,4463.12
885,3/21/2022,4461.18,2022-03-21,4461.18
886,3/22/2022,4511.61,2022-03-22,4511.61
887,3/23/2022,4456.24,2022-03-23,4456.24
888,3/24/2022,4520.16,2022-03-24,4520.16
889,3/25/2022,4543.06,2022-03-25,4543.06
890,3/28/2022,4575.52,2022-03-28,4575.52
891,3/29/2022,4631.6,2022-03-29,4631.6
892,3/30/2022,4602.45,2022-03-30,4602.45
893,3/31/2022,4530.41,2022-03-31,4530.41
894,4/1/2022,4545.86,2022-04-01,4545.86
895,4/4/2022,4582.64,2022-04-04,4582.64
896,4/5/2022,4525.12,2022-04-05,4525.12
897,4/6/2022,4481.15,2022-04-06,4481.15
898,4/7/2022,4500.21,2022-04-07,4500.21
899,4/8/2022,4488.28,2022-04-08,4488.28
900,4/11/2022,4412.53,2022-04-11,4412.53
901,4/12/2022,4397.45,2022-04-12,4397.45
902,4/13/2022,4446.59,2022-04-13,4446.59
903,4/14/2022,4392.59,2022-04-14,4392.59
904,4/15/2022,,2022-04-15,
905,4/18/2022,4391.69,2022-04-18,4391.69
906,4/19/2022,4462.21,2022-04-19,4462.21
907,4/20/2022,4459.45,2022-04-20,4459.45
908,4/21/2022,4393.66,2022-04-21,4393.66
909,4/22/2022,4271.78,2022-04-22,4271.78
910,4/25/2022,4296.12,2022-04-25,4296.12
911,4/26/2022,4175.2,2022-04-26,4175.2
912,4/27/2022,4183.96,2022-04-27,4183.96
913,4/28/2022,4287.5,2022-04-28,4287.5
914,4/29/2022,4131.93,2022-04-29,4131.93
915,5/2/2022,4155.38,2022-05-02,4155.38
916,5/3/2022,4175.48,2022-05-03,4175.48
917,5/4/2022,4300.17,2022-05-04,4300.17
918,5/5/2022,4146.87,2022-05-05,4146.87
919,5/6/2022,4123.34,2022-05-06,4123.34
920,5/9/2022,3991.24,2022-05-09,3991.24
921,5/10/2022,4001.05,2022-05-10,4001.05
922,5/11/2022,3935.18,2022-05-11,3935.18
923,5/12/2022,3930.08,2022-05-12,3930.08
924,5/13/2022,4023.89,2022-05-13,4023.89
925,5/16/2022,4008.01,2022-05-16,4008.01
926,5/17/2022,4088.85,2022-05-17,4088.85
927,5/18/2022,3923.68,2022-05-18,3923.68
928,5/19/2022,3900.79,2022-05-19,3900.79
929,5/20/2022,3901.36,2022-05-20,3901.36
930,5/23/2022,3973.75,2022-05-23,3973.75
931,5/24/2022,3941.48,2022-05-24,3941.48
932,5/25/2022,3978.73,2022-05-25,3978.73
933,5/26/2022,4057.84,2022-05-26,4057.84
934,5/27/2022,4158.24,2022-05-27,4158.24
935,5/30/2022,,2022-05-30,
936,5/31/2022,4132.15,2022-05-31,4132.15
937,6/1/2022,4101.23,2022-06-01,4101.23
938,6/2/2022,4176.82,2022-06-02,4176.82
939,6/3/2022,4108.54,2022-06-03,4108.54
940,6/6/2022,4121.43,2022-06-06,4121.43
941,6/7/2022,4160.68,2022-06-07,4160.68
942,6/8/2022,4115.77,2022-06-08,4115.77
943,6/9/2022,4017.82,2022-06-09,4017.82
944,6/10/2022,3900.86,2022-06-10,3900.86
945,6/13/2022,3749.63,2022-06-13,3749.63
946,6/14/2022,3735.48,2022-06-14,3735.48
947,6/15/2022,3789.99,2022-06-15,3789.99
948,6/16/2022,3666.77,2022-06-16,3666.77
949,6/17/2022,3674.84,2022-06-17,3674.84
950,6/20/2022,,2022-06-20,
951,6/21/2022,3764.79,2022-06-21,3764.79
952,6/22/2022,3759.89,2022-06-22,3759.89
953,6/23/2022,3795.73,2022-06-23,3795.73
954,6/24/2022,3911.74,2022-06-24,3911.74
955,6/27/2022,3900.11,2022-06-27,3900.11
956,6/28/2022,3821.55,2022-06-28,3821.55
957,6/29/2022,3818.83,2022-06-29,3818.83
958,6/30/2022,3785.38,2022-06-30,3785.38
959,7/1/2022,3825.33,2022-07-01,3825.33
960,7/4/2022,,2022-07-04,
961,7/5/2022,3831.39,2022-07-05,3831.39
962,7/6/2022,3845.08,2022-07-06,3845.08
963,7/7/2022,3902.62,2022-07-07,3902.62
964,7/8/2022,3899.38,2022-07-08,3899.38
965,7/11/2022,3854.43,2022-07-11,3854.43
966,7/12/2022,3818.8,2022-07-12,3818.8
967,7/13/2022,3801.78,2022-07-13,3801.78
968,7/14/2022,3790.38,2022-07-14,3790.38
969,7/15/2022,3863.16,2022-07-15,3863.16
970,7/18/2022,3830.85,2022-07-18,3830.85
971,7/19/2022,3936.69,2022-07-19,3936.69
972,7/20/2022,3959.9,2022-07-20,3959.9
973,7/21/2022,3998.95,2022-07-21,3998.95
974,7/22/2022,3961.63,2022-07-22,3961.63
975,7/25/2022,3966.84,2022-07-25,3966.84
976,7/26/2022,3921.05,2022-07-26,3921.05
977,7/27/2022,4023.61,2022-07-27,4023.61
978,7/28/2022,4072.43,2022-07-28,4072.43
979,7/29/2022,4130.29,2022-07-29,4130.29
980,8/1/2022,4118.63,2022-08-01,4118.63
981,8/2/2022,4091.19,2022-08-02,4091.19
982,8/3/2022,4155.17,2022-08-03,4155.17
983,8/4/2022,4151.94,2022-08-04,4151.94
984,8/5/2022,4145.19,2022-08-05,4145.19
985,8/8/2022,4140.06,2022-08-08,4140.06
986,8/9/2022,4122.47,2022-08-09,4122.47
987,8/10/2022,4210.24,2022-08-10,4210.24
988,8/11/2022,4207.27,2022-08-11,4207.27
989,8/12/2022,4280.15,2022-08-12,4280.15
990,8/15/2022,4297.14,2022-08-15,4297.14
991,8/16/2022,4305.2,2022-08-16,4305.2
992,8/17/2022,4274.04,2022-08-17,4274.04
993,8/18/2022,4283.74,2022-08-18,4283.74
994,8/19/2022,4228.48,2022-08-19,4228.48
995,8/22/2022,4137.99,2022-08-22,4137.99
996,8/23/2022,4128.73,2022-08-23,4128.73
997,8/24/2022,4140.77,2022-08-24,4140.77
998,8/25/2022,4199.12,2022-08-25,4199.12
999,8/26/2022,4057.66,2022-08-26,4057.66
1000,8/29/2022,4030.61,2022-08-29,4030.61
1001,8/30/2022,3986.16,2022-08-30,3986.16
1002,8/31/2022,3955.0,2022-08-31,3955.0
1003,9/1/2022,3966.85,2022-09-01,3966.85
1004,9/2/2022,3924.26,2022-09-02,3924.26
1005,9/5/2022,,2022-09-05,
1006,9/6/2022,3908.19,2022-09-06,3908.19
1007,9/7/2022,3979.87,2022-09-07,3979.87
1008,9/8/2022,4006.18,2022-09-08,4006.18
1009,9/9/2022,4067.36,2022-09-09,4067.36
1010,9/12/2022,4110.41,2022-09-12,4110.41
1011,9/13/2022,3932.69,2022-09-13,3932.69
1012,9/14/2022,3946.01,2022-09-14,3946.01
1013,9/15/2022,3901.35,2022-09-15,3901.35
1014,9/16/2022,3873.33,2022-09-16,3873.33
1015,9/19/2022,3899.89,2022-09-19,3899.89
1016,9/20/2022,3855.93,2022-09-20,3855.93
1017,9/21/2022,3789.93,2022-09-21,3789.93
1018,9/22/2022,3757.99,2022-09-22,3757.99
1019,9/23/2022,3693.23,2022-09-23,3693.23
1020,9/26/2022,3655.04,2022-09-26,3655.04
1021,9/27/2022,3647.29,2022-09-27,3647.29
1022,9/28/2022,3719.04,2022-09-28,3719.04
1023,9/29/2022,3640.47,2022-09-29,3640.47
1024,9/30/2022,3585.62,2022-09-30,3585.62
1025,10/3/2022,3678.43,2022-10-03,3678.43
1026,10/4/2022,3790.93,2022-10-04,3790.93
1027,10/5/2022,3783.28,2022-10-05,3783.28
1028,10/6/2022,3744.52,2022-10-06,3744.52
1029,10/7/2022,3639.66,2022-10-07,3639.66
1030,10/10/2022,3612.39,2022-10-10,3612.39
1031,10/11/2022,3588.84,2022-10-11,3588.84
1032,10/12/2022,3577.03,2022-10-12,3577.03
1033,10/13/2022,3669.91,2022-10-13,3669.91
1034,10/14/2022,3583.07,2022-10-14,3583.07
1035,10/17/2022,3677.95,2022-10-17,3677.95
1036,10/18/2022,3719.98,2022-10-18,3719.98
1037,10/19/2022,3695.16,2022-10-19,3695.16
1038,10/20/2022,3665.78,2022-10-20,3665.78
1039,10/21/2022,3752.75,2022-10-21,3752.75
1040,10/24/2022,3797.34,2022-10-24,3797.34
1041,10/25/2022,3859.11,2022-10-25,3859.11
1042,10/26/2022,3830.6,2022-10-26,3830.6
1043,10/27/2022,3807.3,2022-10-27,3807.3
1044,10/28/2022,3901.06,2022-10-28,3901.06
1045,10/31/2022,3871.98,2022-10-31,3871.98
1046,11/1/2022,3856.1,2022-11-01,3856.1
1047,11/2/2022,3759.69,2022-11-02,3759.69
1048,11/3/2022,3719.89,2022-11-03,3719.89
1049,11/4/2022,3770.55,2022-11-04,3770.55
1050,11/7/2022,3806.8,2022-11-07,3806.8
1051,11/8/2022,3828.11,2022-11-08,3828.11
1052,11/9/2022,3748.57,2022-11-09,3748.57
1053,11/10/2022,3956.37,2022-11-10,3956.37
1054,11/11/2022,3992.93,2022-11-11,3992.93
1055,11/14/2022,3957.25,2022-11-14,3957.25
1056,11/15/2022,3991.73,2022-11-15,3991.73
1057,11/16/2022,3958.79,2022-11-16,3958.79
1058,11/17/2022,3946.56,2022-11-17,3946.56
1059,11/18/2022,3965.34,2022-11-18,3965.34
1060,11/21/2022,3949.94,2022-11-21,3949.94
1061,11/22/2022,4003.58,2022-11-22,4003.58
1062,11/23/2022,4027.26,2022-11-23,4027.26
1063,11/24/2022,,2022-11-24,
1064,11/25/2022,4026.12,2022-11-25,4026.12
1065,11/28/2022,3963.94,2022-11-28,3963.94
1066,11/29/2022,3957.63,2022-11-29,3957.63
1067,11/30/2022,4080.11,2022-11-30,4080.11
1068,12/1/2022,4076.57,2022-12-01,4076.57
1069,12/2/2022,4071.7,2022-12-02,4071.7
1070,12/5/2022,3998.84,2022-12-05,3998.84
1071,12/6/2022,3941.26,2022-12-06,3941.26
1072,12/7/2022,3933.92,2022-12-07,3933.92
1073,12/8/2022,3963.51,2022-12-08,3963.51
1074,12/9/2022,3934.38,2022-12-09,3934.38
1075,12/12/2022,3990.56,2022-12-12,3990.56
1076,12/13/2022,4019.65,2022-12-13,4019.65
1077,12/14/2022,3995.32,2022-12-14,3995.32
1078,12/15/2022,3895.75,2022-12-15,3895.75
1079,12/16/2022,3852.36,2022-12-16,3852.36
1080,12/19/2022,3817.66,2022-12-19,3817.66
1081,12/20/2022,3821.62,2022-12-20,3821.62
1082,12/21/2022,3878.44,2022-12-21,3878.44
1083,12/22/2022,3822.39,2022-12-22,3822.39
1084,12/23/2022,3844.82,2022-12-23,3844.82
1085,12/26/2022,,2022-12-26,
1086,12/27/2022,3829.25,2022-12-27,3829.25
1087,12/28/2022,3783.22,2022-12-28,3783.22
1088,12/29/2022,3849.28,2022-12-29,3849.28
1089,12/30/2022,3839.5,2022-12-30,3839.5
1090,1/2/2023,,2023-01-02,
1091,1/3/2023,3824.14,2023-01-03,3824.14
1092,1/4/2023,3852.97,2023-01-04,3852.97
1093,1/5/2023,3808.1,2023-01-05,3808.1
1094,1/6/2023,3895.08,2023-01-06,3895.08
1095,1/9/2023,3892.09,2023-01-09,3892.09
1096,1/10/2023,3919.25,2023-01-10,3919.25
1097,1/11/2023,3969.61,2023-01-11,3969.61
1098,1/12/2023,3983.17,2023-01-12,3983.17
1099,1/13/2023,3999.09,2023-01-13,3999.09
1100,1/16/2023,,2023-01-16,
1101,1/17/2023,3990.97,2023-01-17,3990.97
1102,1/18/2023,3928.86,2023-01-18,3928.86
1103,1/19/2023,3898.85,2023-01-19,3898.85
1104,1/20/2023,3972.61,2023-01-20,3972.61
1105,1/23/2023,4019.81,2023-01-23,4019.81
1106,1/24/2023,4016.95,2023-01-24,4016.95
1107,1/25/2023,4016.22,2023-01-25,4016.22
1108,1/26/2023,4060.43,2023-01-26,4060.43
1109,1/27/2023,4070.56,2023-01-27,4070.56
1110,1/30/2023,4017.77,2023-01-30,4017.77
1111,1/31/2023,4076.6,2023-01-31,4076.6
1112,2/1/2023,4119.21,2023-02-01,4119.21
1113,2/2/2023,4179.76,2023-02-02,4179.76
1114,2/3/2023,4136.48,2023-02-03,4136.48
1115,2/6/2023,4111.08,2023-02-06,4111.08
1116,2/7/2023,4164.0,2023-02-07,4164.0
1117,2/8/2023,4117.86,2023-02-08,4117.86
1118,2/9/2023,4081.5,2023-02-09,4081.5
1119,2/10/2023,4090.46,2023-02-10,4090.46
1120,2/13/2023,4137.29,2023-02-13,4137.29
1121,2/14/2023,4136.13,2023-02-14,4136.13
1122,2/15/2023,4147.6,2023-02-15,4147.6
1123,2/16/2023,4090.41,2023-02-16,4090.41
1124,2/17/2023,4079.09,2023-02-17,4079.09
1125,2/20/2023,,2023-02-20,
1126,2/21/2023,3997.34,2023-02-21,3997.34
1127,2/22/2023,3991.05,2023-02-22,3991.05
1128,2/23/2023,4012.32,2023-02-23,4012.32
1129,2/24/2023,3970.04,2023-02-24,3970.04
1130,2/27/2023,3982.24,2023-02-27,3982.24
1131,2/28/2023,3970.15,2023-02-28,3970.15
1132,3/1/2023,3951.39,2023-03-01,3951.39
1133,3/2/2023,3981.35,2023-03-02,3981.35
1134,3/3/2023,4045.64,2023-03-03,4045.64
1135,3/6/2023,4048.42,2023-03-06,4048.42
1136,3/7/2023,3986.37,2023-03-07,3986.37
1137,3/8/2023,3992.01,2023-03-08,3992.01
1138,3/9/2023,3918.32,2023-03-09,3918.32
1139,3/10/2023,3861.59,2023-03-10,3861.59
1140,3/13/2023,3855.76,2023-03-13,3855.76
1141,3/14/2023,3919.29,2023-03-14,3919.29
1142,3/15/2023,3891.93,2023-03-15,3891.93
1143,3/16/2023,3960.28,2023-03-16,3960.28
1144,3/17/2023,3916.64,2023-03-17,3916.64
1145,3/20/2023,3951.57,2023-03-20,3951.57
1146,3/21/2023,4002.87,2023-03-21,4002.87
1147,3/22/2023,3936.97,2023-03-22,3936.97
1148,3/23/2023,3948.72,2023-03-23,3948.72
1149,3/24/2023,3970.99,2023-03-24,3970.99
1150,3/27/2023,3977.53,2023-03-27,3977.53
1151,3/28/2023,3971.27,2023-03-28,3971.27
1152,3/29/2023,4027.81,2023-03-29,4027.81
1153,3/30/2023,4050.83,2023-03-30,4050.83
1154,3/31/2023,4109.31,2023-03-31,4109.31
1155,4/3/2023,4124.51,2023-04-03,4124.51
1156,4/4/2023,4100.6,2023-04-04,4100.6
1157,4/5/2023,4090.38,2023-04-05,4090.38
1158,4/6/2023,4105.02,2023-04-06,4105.02
1159,4/7/2023,,2023-04-07,
1160,4/10/2023,4109.11,2023-04-10,4109.11
1161,4/11/2023,4108.94,2023-04-11,4108.94
1162,4/12/2023,4091.95,2023-04-12,4091.95
1163,4/13/2023,4146.22,2023-04-13,4146.22
1164,4/14/2023,4137.64,2023-04-14,4137.64
1165,4/17/2023,4151.32,2023-04-17,4151.32
1166,4/18/2023,4154.87,2023-04-18,4154.87
1167,4/19/2023,4154.52,2023-04-19,4154.52
1168,4/20/2023,4129.79,2023-04-20,4129.79
1169,4/21/2023,4133.52,2023-04-21,4133.52
1170,4/24/2023,4137.04,2023-04-24,4137.04
1171,4/25/2023,4071.63,2023-04-25,4071.63
1172,4/26/2023,4055.99,2023-04-26,4055.99
1173,4/27/2023,4135.35,2023-04-27,4135.35
1174,4/28/2023,4169.48,2023-04-28,4169.48
1175,5/1/2023,4167.87,2023-05-01,4167.87
1176,5/2/2023,4119.58,2023-05-02,4119.58
1177,5/3/2023,4090.75,2023-05-03,4090.75
1178,5/4/2023,4061.22,2023-05-04,4061.22
1179,5/5/2023,4136.25,2023-05-05,4136.25
1180,5/8/2023,4138.12,2023-05-08,4138.12
1181,5/9/2023,4119.17,2023-05-09,4119.17
1182,5/10/2023,4137.64,2023-05-10,4137.64
1183,5/11/2023,4130.62,2023-05-11,4130.62
1184,5/12/2023,4124.08,2023-05-12,4124.08
1185,5/15/2023,4136.28,2023-05-15,4136.28
1186,5/16/2023,4109.9,2023-05-16,4109.9
1187,5/17/2023,4158.77,2023-05-17,4158.77
1188,5/18/2023,4198.05,2023-05-18,4198.05
1189,5/19/2023,4191.98,2023-05-19,4191.98
1190,5/22/2023,4192.63,2023-05-22,4192.63
1191,5/23/2023,4145.58,2023-05-23,4145.58
1192,5/24/2023,4115.24,2023-05-24,4115.24
1193,5/25/2023,4151.28,2023-05-25,4151.28
1194,5/26/2023,4205.45,2023-05-26,4205.45
1195,5/29/2023,,2023-05-29,
1196,5/30/2023,4205.52,2023-05-30,4205.52
1197,5/31/2023,4179.83,2023-05-31,4179.83
1198,6/1/2023,4221.02,2023-06-01,4221.02
1199,6/2/2023,4282.37,2023-06-02,4282.37
1200,6/5/2023,4273.79,2023-06-05,4273.79
1201,6/6/2023,4283.85,2023-06-06,4283.85
1202,6/7/2023,4267.52,2023-06-07,4267.52
1203,6/8/2023,4293.93,2023-06-08,4293.93
1204,6/9/2023,4298.86,2023-06-09,4298.86
1205,6/12/2023,4338.93,2023-06-12,4338.93
1206,6/13/2023,4369.01,2023-06-13,4369.01
1207,6/14/2023,4372.59,2023-06-14,4372.59
1208,6/15/2023,4425.84,2023-06-15,4425.84
1209,6/16/2023,4409.59,2023-06-16,4409.59
1210,6/19/2023,,2023-06-19,
1211,6/20/2023,4388.71,2023-06-20,4388.71
1212,6/21/2023,4365.69,2023-06-21,4365.69
1213,6/22/2023,4381.89,2023-06-22,4381.89
1214,6/23/2023,4348.33,2023-06-23,4348.33
1215,6/26/2023,4328.82,2023-06-26,4328.82
1216,6/27/2023,4378.41,2023-06-27,4378.41
1217,6/28/2023,4376.86,2023-06-28,4376.86
1218,6/29/2023,4396.44,2023-06-29,4396.44
1219,6/30/2023,4450.38,2023-06-30,4450.38
1220,7/3/2023,4455.59,2023-07-03,4455.59
1221,7/4/2023,,2023-07-04,
1222,7/5/2023,4446.82,2023-07-05,4446.82
1223,7/6/2023,4411.59,2023-07-06,4411.59
1224,7/7/2023,4398.95,2023-07-07,4398.95
1225,7/10/2023,4409.53,2023-07-10,4409.53
1226,7/11/2023,4439.26,2023-07-11,4439.26
1227,7/12/2023,4472.16,2023-07-12,4472.16
1228,7/13/2023,4510.04,2023-07-13,4510.04
1229,7/14/2023,4505.42,2023-07-14,4505.42
1230,7/17/2023,4522.79,2023-07-17,4522.79
1231,7/18/2023,4554.98,2023-07-18,4554.98
1232,7/19/2023,4565.72,2023-07-19,4565.72
1233,7/20/2023,4534.87,2023-07-20,4534.87
1234,7/21/2023,4536.34,2023-07-21,4536.34
1235,7/24/2023,4554.64,2023-07-24,4554.64
1236,7/25/2023,4567.46,2023-07-25,4567.46
1237,7/26/2023,4566.75,2023-07-26,4566.75
1238,7/27/2023,4537.41,2023-07-27,4537.41
1239,7/28/2023,4582.23,2023-07-28,4582.23
1240,7/31/2023,4588.96,2023-07-31,4588.96
1241,8/1/2023,4576.73,2023-08-01,4576.73
1242,8/2/2023,4513.39,2023-08-02,4513.39
1243,8/3/2023,4501.89,2023-08-03,4501.89
1244,8/4/2023,4478.03,2023-08-04,4478.03
1245,8/7/2023,4518.44,2023-08-07,4518.44
1246,8/8/2023,4499.38,2023-08-08,4499.38
1247,8/9/2023,4467.71,2023-08-09,4467.71
1248,8/10/2023,4468.83,2023-08-10,4468.83
1249,8/11/2023,4464.05,2023-08-11,4464.05
1250,8/14/2023,4489.72,2023-08-14,4489.72
1251,8/15/2023,4437.86,2023-08-15,4437.86
1252,8/16/2023,4404.33,2023-08-16,4404.33
1253,8/17/2023,4370.36,2023-08-17,4370.36
1254,8/18/2023,4369.71,2023-08-18,4369.71
1255,8/21/2023,4399.77,2023-08-21,4399.77
1256,8/22/2023,4387.55,2023-08-22,4387.55
1257,8/23/2023,4436.01,2023-08-23,4436.01
1258,8/24/2023,4376.31,2023-08-24,4376.31
1259,8/25/2023,4405.71,2023-08-25,4405.71
1260,8/28/2023,4433.31,2023-08-28,4433.31
1261,8/29/2023,4497.63,2023-08-29,4497.63
1262,8/30/2023,4514.87,2023-08-30,4514.87
1263,8/31/2023,4507.66,2023-08-31,4507.66
1264,9/1/2023,4515.77,2023-09-01,4515.77
1265,9/4/2023,,2023-09-04,
1266,9/5/2023,4496.83,2023-09-05,4496.83
1267,9/6/2023,4465.48,2023-09-06,4465.48
1268,9/7/2023,4451.14,2023-09-07,4451.14
1269,9/8/2023,4457.49,2023-09-08,4457.49
1270,9/11/2023,4487.46,2023-09-11,4487.46
1271,9/12/2023,4461.9,2023-09-12,4461.9
1272,9/13/2023,4467.44,2023-09-13,4467.44
1273,9/14/2023,4505.1,2023-09-14,4505.1
1274,9/15/2023,4450.32,2023-09-15,4450.32
1275,9/18/2023,4453.53,2023-09-18,4453.53
1276,9/19/2023,4443.95,2023-09-19,4443.95
1277,9/20/2023,4402.2,2023-09-20,4402.2
1278,9/21/2023,4330.0,2023-09-21,4330.0
1279,9/22/2023,4320.06,2023-09-22,4320.06
1280,9/25/2023,4337.44,2023-09-25,4337.44
1281,9/26/2023,4273.53,2023-09-26,4273.53
1282,9/27/2023,4274.51,2023-09-27,4274.51
1283,9/28/2023,4299.7,2023-09-28,4299.7
1284,9/29/2023,4288.05,2023-09-29,4288.05
1285,10/2/2023,4288.39,2023-10-02,4288.39
1286,10/3/2023,4229.45,2023-10-03,4229.45
1287,10/4/2023,4263.75,2023-10-04,4263.75
1288,10/5/2023,4258.19,2023-10-05,4258.19
1289,10/6/2023,4308.5,2023-10-06,4308.5
1290,10/9/2023,4335.66,2023-10-09,4335.66
1291,10/10/2023,4358.24,2023-10-10,4358.24
1292,10/11/2023,4376.95,2023-10-11,4376.95
1293,10/12/2023,4349.61,2023-10-12,4349.61
1294,10/13/2023,4327.78,2023-10-13,4327.78
1295,10/16/2023,4373.63,2023-10-16,4373.63
1296,10/17/2023,4373.2,2023-10-17,4373.2
1297,10/18/2023,4314.6,2023-10-18,4314.6
1298,10/19/2023,4278.0,2023-10-19,4278.0
1299,10/20/2023,4224.16,2023-10-20,4224.16
1300,10/23/2023,4217.04,2023-10-23,4217.04
1301,10/24/2023,4247.68,2023-10-24,4247.68
1302,10/25/2023,4186.77,2023-10-25,4186.77
1303,10/26/2023,4137.23,2023-10-26,4137.23
1304,10/27/2023,4117.37,2023-10-27,4117.37
